pokemonId,abilityName,isHidden,slot
1,overgrow,0,1
1,chlorophyll,1,3
2,overgrow,0,1
2,chlorophyll,1,3
3,overgrow,0,1
3,chlorophyll,1,3
4,blaze,0,1
4,solar-power,1,3
5,blaze,0,1
5,solar-power,1,3
6,blaze,0,1
6,solar-power,1,3
7,torrent,0,1
7,rain-dish,1,3
8,torrent,0,1
8,rain-dish,1,3
9,torrent,0,1
9,rain-dish,1,3
10,shield-dust,0,1
10,run-away,1,3
11,shed-skin,0,1
12,compound-eyes,0,1
12,tinted-lens,1,3
13,shield-dust,0,1
13,run-away,1,3
14,shed-skin,0,1
15,swarm,0,1
15,sniper,1,3
16,keen-eye,0,1
16,tangled-feet,0,2
16,big-pecks,1,3
17,keen-eye,0,1
17,tangled-feet,0,2
17,big-pecks,1,3
18,keen-eye,0,1
18,tangled-feet,0,2
18,big-pecks,1,3
19,run-away,0,1
19,guts,0,2
19,hustle,1,3
20,run-away,0,1
20,guts,0,2
20,hustle,1,3
21,keen-eye,0,1
21,sniper,1,3
22,keen-eye,0,1
22,sniper,1,3
23,intimidate,0,1
23,shed-skin,0,2
23,unnerve,1,3
24,intimidate,0,1
24,shed-skin,0,2
24,unnerve,1,3
25,static,0,1
25,lightning-rod,1,3
26,static,0,1
26,lightning-rod,1,3
27,sand-veil,0,1
27,sand-rush,1,3
28,sand-veil,0,1
28,sand-rush,1,3
29,poison-point,0,1
29,rivalry,0,2
29,hustle,1,3
30,poison-point,0,1
30,rivalry,0,2
30,hustle,1,3
31,poison-point,0,1
31,rivalry,0,2
31,sheer-force,1,3
32,poison-point,0,1
32,rivalry,0,2
32,hustle,1,3
33,poison-point,0,1
33,rivalry,0,2
33,hustle,1,3
34,poison-point,0,1
34,rivalry,0,2
34,sheer-force,1,3
35,cute-charm,0,1
35,magic-guard,0,2
35,friend-guard,1,3
36,cute-charm,0,1
36,magic-guard,0,2
36,unaware,1,3
37,flash-fire,0,1
37,drought,1,3
38,flash-fire,0,1
38,drought,1,3
39,cute-charm,0,1
39,competitive,0,2
39,friend-guard,1,3
40,cute-charm,0,1
40,competitive,0,2
40,frisk,1,3
41,inner-focus,0,1
41,infiltrator,1,3
42,inner-focus,0,1
42,infiltrator,1,3
43,chlorophyll,0,1
43,run-away,1,3
44,chlorophyll,0,1
44,stench,1,3
45,chlorophyll,0,1
45,effect-spore,1,3
46,effect-spore,0,1
46,dry-skin,0,2
46,damp,1,3
47,effect-spore,0,1
47,dry-skin,0,2
47,damp,1,3
48,compound-eyes,0,1
48,tinted-lens,0,2
48,run-away,1,3
49,shield-dust,0,1
49,tinted-lens,0,2
49,wonder-skin,1,3
50,sand-veil,0,1
50,arena-trap,0,2
50,sand-force,1,3
51,sand-veil,0,1
51,arena-trap,0,2
51,sand-force,1,3
52,pickup,0,1
52,technician,0,2
52,unnerve,1,3
53,limber,0,1
53,technician,0,2
53,unnerve,1,3
54,damp,0,1
54,cloud-nine,0,2
54,swift-swim,1,3
55,damp,0,1
55,cloud-nine,0,2
55,swift-swim,1,3
56,vital-spirit,0,1
56,anger-point,0,2
56,defiant,1,3
57,vital-spirit,0,1
57,anger-point,0,2
57,defiant,1,3
58,intimidate,0,1
58,flash-fire,0,2
58,justified,1,3
59,intimidate,0,1
59,flash-fire,0,2
59,justified,1,3
60,water-absorb,0,1
60,damp,0,2
60,swift-swim,1,3
61,water-absorb,0,1
61,damp,0,2
61,swift-swim,1,3
62,water-absorb,0,1
62,damp,0,2
62,swift-swim,1,3
63,synchronize,0,1
63,inner-focus,0,2
63,magic-guard,1,3
64,synchronize,0,1
64,inner-focus,0,2
64,magic-guard,1,3
65,synchronize,0,1
65,inner-focus,0,2
65,magic-guard,1,3
66,guts,0,1
66,no-guard,0,2
66,steadfast,1,3
67,guts,0,1
67,no-guard,0,2
67,steadfast,1,3
68,guts,0,1
68,no-guard,0,2
68,steadfast,1,3
69,chlorophyll,0,1
69,gluttony,1,3
70,chlorophyll,0,1
70,gluttony,1,3
71,chlorophyll,0,1
71,gluttony,1,3
72,clear-body,0,1
72,liquid-ooze,0,2
72,rain-dish,1,3
73,clear-body,0,1
73,liquid-ooze,0,2
73,rain-dish,1,3
74,rock-head,0,1
74,sturdy,0,2
74,sand-veil,1,3
75,rock-head,0,1
75,sturdy,0,2
75,sand-veil,1,3
76,rock-head,0,1
76,sturdy,0,2
76,sand-veil,1,3
77,run-away,0,1
77,flash-fire,0,2
77,flame-body,1,3
78,run-away,0,1
78,flash-fire,0,2
78,flame-body,1,3
79,oblivious,0,1
79,own-tempo,0,2
79,regenerator,1,3
80,oblivious,0,1
80,own-tempo,0,2
80,regenerator,1,3
81,magnet-pull,0,1
81,sturdy,0,2
81,analytic,1,3
82,magnet-pull,0,1
82,sturdy,0,2
82,analytic,1,3
83,keen-eye,0,1
83,inner-focus,0,2
83,defiant,1,3
84,run-away,0,1
84,early-bird,0,2
84,tangled-feet,1,3
85,run-away,0,1
85,early-bird,0,2
85,tangled-feet,1,3
86,thick-fat,0,1
86,hydration,0,2
86,ice-body,1,3
87,thick-fat,0,1
87,hydration,0,2
87,ice-body,1,3
88,stench,0,1
88,sticky-hold,0,2
88,poison-touch,1,3
89,stench,0,1
89,sticky-hold,0,2
89,poison-touch,1,3
90,shell-armor,0,1
90,skill-link,0,2
90,overcoat,1,3
91,shell-armor,0,1
91,skill-link,0,2
91,overcoat,1,3
92,levitate,0,1
93,levitate,0,1
94,cursed-body,0,1
95,rock-head,0,1
95,sturdy,0,2
95,weak-armor,1,3
96,insomnia,0,1
96,forewarn,0,2
96,inner-focus,1,3
97,insomnia,0,1
97,forewarn,0,2
97,inner-focus,1,3
98,hyper-cutter,0,1
98,shell-armor,0,2
98,sheer-force,1,3
99,hyper-cutter,0,1
99,shell-armor,0,2
99,sheer-force,1,3
100,soundproof,0,1
100,static,0,2
100,aftermath,1,3
101,soundproof,0,1
101,static,0,2
101,aftermath,1,3
102,chlorophyll,0,1
102,harvest,1,3
103,chlorophyll,0,1
103,harvest,1,3
104,rock-head,0,1
104,lightning-rod,0,2
104,battle-armor,1,3
105,rock-head,0,1
105,lightning-rod,0,2
105,battle-armor,1,3
106,limber,0,1
106,reckless,0,2
106,unburden,1,3
107,keen-eye,0,1
107,iron-fist,0,2
107,inner-focus,1,3
108,own-tempo,0,1
108,oblivious,0,2
108,cloud-nine,1,3
109,levitate,0,1
109,neutralizing-gas,0,2
109,stench,1,3
110,levitate,0,1
110,neutralizing-gas,0,2
110,stench,1,3
111,lightning-rod,0,1
111,rock-head,0,2
111,reckless,1,3
112,lightning-rod,0,1
112,rock-head,0,2
112,reckless,1,3
113,natural-cure,0,1
113,serene-grace,0,2
113,healer,1,3
114,chlorophyll,0,1
114,leaf-guard,0,2
114,regenerator,1,3
115,early-bird,0,1
115,scrappy,0,2
115,inner-focus,1,3
116,swift-swim,0,1
116,sniper,0,2
116,damp,1,3
117,poison-point,0,1
117,sniper,0,2
117,damp,1,3
118,swift-swim,0,1
118,water-veil,0,2
118,lightning-rod,1,3
119,swift-swim,0,1
119,water-veil,0,2
119,lightning-rod,1,3
120,illuminate,0,1
120,natural-cure,0,2
120,analytic,1,3
121,illuminate,0,1
121,natural-cure,0,2
121,analytic,1,3
122,soundproof,0,1
122,filter,0,2
122,technician,1,3
123,swarm,0,1
123,technician,0,2
123,steadfast,1,3
124,oblivious,0,1
124,forewarn,0,2
124,dry-skin,1,3
125,static,0,1
125,vital-spirit,1,3
126,flame-body,0,1
126,vital-spirit,1,3
127,hyper-cutter,0,1
127,mold-breaker,0,2
127,moxie,1,3
128,intimidate,0,1
128,anger-point,0,2
128,sheer-force,1,3
129,swift-swim,0,1
129,rattled,1,3
130,intimidate,0,1
130,moxie,1,3
131,water-absorb,0,1
131,shell-armor,0,2
131,hydration,1,3
132,limber,0,1
132,imposter,1,3
133,run-away,0,1
133,adaptability,0,2
133,anticipation,1,3
134,water-absorb,0,1
134,hydration,1,3
135,volt-absorb,0,1
135,quick-feet,1,3
136,flash-fire,0,1
136,guts,1,3
137,trace,0,1
137,download,0,2
137,analytic,1,3
138,swift-swim,0,1
138,shell-armor,0,2
138,weak-armor,1,3
139,swift-swim,0,1
139,shell-armor,0,2
139,weak-armor,1,3
140,swift-swim,0,1
140,battle-armor,0,2
140,weak-armor,1,3
141,swift-swim,0,1
141,battle-armor,0,2
141,weak-armor,1,3
142,rock-head,0,1
142,pressure,0,2
142,unnerve,1,3
143,immunity,0,1
143,thick-fat,0,2
143,gluttony,1,3
144,pressure,0,1
144,snow-cloak,1,3
145,pressure,0,1
145,static,1,3
146,pressure,0,1
146,flame-body,1,3
147,shed-skin,0,1
147,marvel-scale,1,3
148,shed-skin,0,1
148,marvel-scale,1,3
149,inner-focus,0,1
149,multiscale,1,3
150,pressure,0,1
150,unnerve,1,3
151,synchronize,0,1
152,overgrow,0,1
152,leaf-guard,1,3
153,overgrow,0,1
153,leaf-guard,1,3
154,overgrow,0,1
154,leaf-guard,1,3
155,blaze,0,1
155,flash-fire,1,3
156,blaze,0,1
156,flash-fire,1,3
157,blaze,0,1
157,flash-fire,1,3
158,torrent,0,1
158,sheer-force,1,3
159,torrent,0,1
159,sheer-force,1,3
160,torrent,0,1
160,sheer-force,1,3
161,run-away,0,1
161,keen-eye,0,2
161,frisk,1,3
162,run-away,0,1
162,keen-eye,0,2
162,frisk,1,3
163,insomnia,0,1
163,keen-eye,0,2
163,tinted-lens,1,3
164,insomnia,0,1
164,keen-eye,0,2
164,tinted-lens,1,3
165,swarm,0,1
165,early-bird,0,2
165,rattled,1,3
166,swarm,0,1
166,early-bird,0,2
166,iron-fist,1,3
167,swarm,0,1
167,insomnia,0,2
167,sniper,1,3
168,swarm,0,1
168,insomnia,0,2
168,sniper,1,3
169,inner-focus,0,1
169,infiltrator,1,3
170,volt-absorb,0,1
170,illuminate,0,2
170,water-absorb,1,3
171,volt-absorb,0,1
171,illuminate,0,2
171,water-absorb,1,3
172,static,0,1
172,lightning-rod,1,3
173,cute-charm,0,1
173,magic-guard,0,2
173,friend-guard,1,3
174,cute-charm,0,1
174,competitive,0,2
174,friend-guard,1,3
175,hustle,0,1
175,serene-grace,0,2
175,super-luck,1,3
176,hustle,0,1
176,serene-grace,0,2
176,super-luck,1,3
177,synchronize,0,1
177,early-bird,0,2
177,magic-bounce,1,3
178,synchronize,0,1
178,early-bird,0,2
178,magic-bounce,1,3
179,static,0,1
179,plus,1,3
180,static,0,1
180,plus,1,3
181,static,0,1
181,plus,1,3
182,chlorophyll,0,1
182,healer,1,3
183,thick-fat,0,1
183,huge-power,0,2
183,sap-sipper,1,3
184,thick-fat,0,1
184,huge-power,0,2
184,sap-sipper,1,3
185,sturdy,0,1
185,rock-head,0,2
185,rattled,1,3
186,water-absorb,0,1
186,damp,0,2
186,drizzle,1,3
187,chlorophyll,0,1
187,leaf-guard,0,2
187,infiltrator,1,3
188,chlorophyll,0,1
188,leaf-guard,0,2
188,infiltrator,1,3
189,chlorophyll,0,1
189,leaf-guard,0,2
189,infiltrator,1,3
190,run-away,0,1
190,pickup,0,2
190,skill-link,1,3
191,chlorophyll,0,1
191,solar-power,0,2
191,early-bird,1,3
192,chlorophyll,0,1
192,solar-power,0,2
192,early-bird,1,3
193,speed-boost,0,1
193,compound-eyes,0,2
193,frisk,1,3
194,damp,0,1
194,water-absorb,0,2
194,unaware,1,3
195,damp,0,1
195,water-absorb,0,2
195,unaware,1,3
196,synchronize,0,1
196,magic-bounce,1,3
197,synchronize,0,1
197,inner-focus,1,3
198,insomnia,0,1
198,super-luck,0,2
198,prankster,1,3
199,oblivious,0,1
199,own-tempo,0,2
199,regenerator,1,3
200,levitate,0,1
201,levitate,0,1
202,shadow-tag,0,1
202,telepathy,1,3
203,inner-focus,0,1
203,early-bird,0,2
203,sap-sipper,1,3
204,sturdy,0,1
204,overcoat,1,3
205,sturdy,0,1
205,overcoat,1,3
206,serene-grace,0,1
206,run-away,0,2
206,rattled,1,3
207,hyper-cutter,0,1
207,sand-veil,0,2
207,immunity,1,3
208,rock-head,0,1
208,sturdy,0,2
208,sheer-force,1,3
209,intimidate,0,1
209,run-away,0,2
209,rattled,1,3
210,intimidate,0,1
210,quick-feet,0,2
210,rattled,1,3
211,poison-point,0,1
211,swift-swim,0,2
211,intimidate,1,3
212,swarm,0,1
212,technician,0,2
212,light-metal,1,3
213,sturdy,0,1
213,gluttony,0,2
213,contrary,1,3
214,swarm,0,1
214,guts,0,2
214,moxie,1,3
215,inner-focus,0,1
215,keen-eye,0,2
215,pickpocket,1,3
216,pickup,0,1
216,quick-feet,0,2
216,honey-gather,1,3
217,guts,0,1
217,quick-feet,0,2
217,unnerve,1,3
218,magma-armor,0,1
218,flame-body,0,2
218,weak-armor,1,3
219,magma-armor,0,1
219,flame-body,0,2
219,weak-armor,1,3
220,oblivious,0,1
220,snow-cloak,0,2
220,thick-fat,1,3
221,oblivious,0,1
221,snow-cloak,0,2
221,thick-fat,1,3
222,hustle,0,1
222,natural-cure,0,2
222,regenerator,1,3
223,hustle,0,1
223,sniper,0,2
223,moody,1,3
224,suction-cups,0,1
224,sniper,0,2
224,moody,1,3
225,vital-spirit,0,1
225,hustle,0,2
225,insomnia,1,3
226,swift-swim,0,1
226,water-absorb,0,2
226,water-veil,1,3
227,keen-eye,0,1
227,sturdy,0,2
227,weak-armor,1,3
228,early-bird,0,1
228,flash-fire,0,2
228,unnerve,1,3
229,early-bird,0,1
229,flash-fire,0,2
229,unnerve,1,3
230,swift-swim,0,1
230,sniper,0,2
230,damp,1,3
231,pickup,0,1
231,sand-veil,1,3
232,sturdy,0,1
232,sand-veil,1,3
233,trace,0,1
233,download,0,2
233,analytic,1,3
234,intimidate,0,1
234,frisk,0,2
234,sap-sipper,1,3
235,own-tempo,0,1
235,technician,0,2
235,moody,1,3
236,guts,0,1
236,steadfast,0,2
236,vital-spirit,1,3
237,intimidate,0,1
237,technician,0,2
237,steadfast,1,3
238,oblivious,0,1
238,forewarn,0,2
238,hydration,1,3
239,static,0,1
239,vital-spirit,1,3
240,flame-body,0,1
240,vital-spirit,1,3
241,thick-fat,0,1
241,scrappy,0,2
241,sap-sipper,1,3
242,natural-cure,0,1
242,serene-grace,0,2
242,healer,1,3
243,pressure,0,1
243,inner-focus,1,3
244,pressure,0,1
244,inner-focus,1,3
245,pressure,0,1
245,inner-focus,1,3
246,guts,0,1
246,sand-veil,1,3
247,shed-skin,0,1
248,sand-stream,0,1
248,unnerve,1,3
249,pressure,0,1
249,multiscale,1,3
250,pressure,0,1
250,regenerator,1,3
251,natural-cure,0,1
252,overgrow,0,1
252,unburden,1,3
253,overgrow,0,1
253,unburden,1,3
254,overgrow,0,1
254,unburden,1,3
255,blaze,0,1
255,speed-boost,1,3
256,blaze,0,1
256,speed-boost,1,3
257,blaze,0,1
257,speed-boost,1,3
258,torrent,0,1
258,damp,1,3
259,torrent,0,1
259,damp,1,3
260,torrent,0,1
260,damp,1,3
261,run-away,0,1
261,quick-feet,0,2
261,rattled,1,3
262,intimidate,0,1
262,quick-feet,0,2
262,moxie,1,3
263,pickup,0,1
263,gluttony,0,2
263,quick-feet,1,3
264,pickup,0,1
264,gluttony,0,2
264,quick-feet,1,3
265,shield-dust,0,1
265,run-away,1,3
266,shed-skin,0,1
267,swarm,0,1
267,rivalry,1,3
268,shed-skin,0,1
269,shield-dust,0,1
269,compound-eyes,1,3
270,swift-swim,0,1
270,rain-dish,0,2
270,own-tempo,1,3
271,swift-swim,0,1
271,rain-dish,0,2
271,own-tempo,1,3
272,swift-swim,0,1
272,rain-dish,0,2
272,own-tempo,1,3
273,chlorophyll,0,1
273,early-bird,0,2
273,pickpocket,1,3
274,chlorophyll,0,1
274,early-bird,0,2
274,pickpocket,1,3
275,chlorophyll,0,1
275,early-bird,0,2
275,pickpocket,1,3
276,guts,0,1
276,scrappy,1,3
277,guts,0,1
277,scrappy,1,3
278,keen-eye,0,1
278,hydration,0,2
278,rain-dish,1,3
279,keen-eye,0,1
279,drizzle,0,2
279,rain-dish,1,3
280,synchronize,0,1
280,trace,0,2
280,telepathy,1,3
281,synchronize,0,1
281,trace,0,2
281,telepathy,1,3
282,synchronize,0,1
282,trace,0,2
282,telepathy,1,3
283,swift-swim,0,1
283,rain-dish,1,3
284,intimidate,0,1
284,unnerve,1,3
285,effect-spore,0,1
285,poison-heal,0,2
285,quick-feet,1,3
286,effect-spore,0,1
286,poison-heal,0,2
286,technician,1,3
287,truant,0,1
288,vital-spirit,0,1
289,truant,0,1
290,compound-eyes,0,1
290,run-away,1,3
291,speed-boost,0,1
291,infiltrator,1,3
292,wonder-guard,0,1
293,soundproof,0,1
293,rattled,1,3
294,soundproof,0,1
294,scrappy,1,3
295,soundproof,0,1
295,scrappy,1,3
296,thick-fat,0,1
296,guts,0,2
296,sheer-force,1,3
297,thick-fat,0,1
297,guts,0,2
297,sheer-force,1,3
298,thick-fat,0,1
298,huge-power,0,2
298,sap-sipper,1,3
299,sturdy,0,1
299,magnet-pull,0,2
299,sand-force,1,3
300,cute-charm,0,1
300,normalize,0,2
300,wonder-skin,1,3
301,cute-charm,0,1
301,normalize,0,2
301,wonder-skin,1,3
302,keen-eye,0,1
302,stall,0,2
302,prankster,1,3
303,hyper-cutter,0,1
303,intimidate,0,2
303,sheer-force,1,3
304,sturdy,0,1
304,rock-head,0,2
304,heavy-metal,1,3
305,sturdy,0,1
305,rock-head,0,2
305,heavy-metal,1,3
306,sturdy,0,1
306,rock-head,0,2
306,heavy-metal,1,3
307,pure-power,0,1
307,telepathy,1,3
308,pure-power,0,1
308,telepathy,1,3
309,static,0,1
309,lightning-rod,0,2
309,minus,1,3
310,static,0,1
310,lightning-rod,0,2
310,minus,1,3
311,plus,0,1
311,lightning-rod,1,3
312,minus,0,1
312,volt-absorb,1,3
313,illuminate,0,1
313,swarm,0,2
313,prankster,1,3
314,oblivious,0,1
314,tinted-lens,0,2
314,prankster,1,3
315,natural-cure,0,1
315,poison-point,0,2
315,leaf-guard,1,3
316,liquid-ooze,0,1
316,sticky-hold,0,2
316,gluttony,1,3
317,liquid-ooze,0,1
317,sticky-hold,0,2
317,gluttony,1,3
318,rough-skin,0,1
318,speed-boost,1,3
319,rough-skin,0,1
319,speed-boost,1,3
320,water-veil,0,1
320,oblivious,0,2
320,pressure,1,3
321,water-veil,0,1
321,oblivious,0,2
321,pressure,1,3
322,oblivious,0,1
322,simple,0,2
322,own-tempo,1,3
323,magma-armor,0,1
323,solid-rock,0,2
323,anger-point,1,3
324,white-smoke,0,1
324,drought,0,2
324,shell-armor,1,3
325,thick-fat,0,1
325,own-tempo,0,2
325,gluttony,1,3
326,thick-fat,0,1
326,own-tempo,0,2
326,gluttony,1,3
327,own-tempo,0,1
327,tangled-feet,0,2
327,contrary,1,3
328,hyper-cutter,0,1
328,arena-trap,0,2
328,sheer-force,1,3
329,levitate,0,1
330,levitate,0,1
331,sand-veil,0,1
331,water-absorb,1,3
332,sand-veil,0,1
332,water-absorb,1,3
333,natural-cure,0,1
333,cloud-nine,1,3
334,natural-cure,0,1
334,cloud-nine,1,3
335,immunity,0,1
335,toxic-boost,1,3
336,shed-skin,0,1
336,infiltrator,1,3
337,levitate,0,1
338,levitate,0,1
339,oblivious,0,1
339,anticipation,0,2
339,hydration,1,3
340,oblivious,0,1
340,anticipation,0,2
340,hydration,1,3
341,hyper-cutter,0,1
341,shell-armor,0,2
341,adaptability,1,3
342,hyper-cutter,0,1
342,shell-armor,0,2
342,adaptability,1,3
343,levitate,0,1
344,levitate,0,1
345,suction-cups,0,1
345,storm-drain,1,3
346,suction-cups,0,1
346,storm-drain,1,3
347,battle-armor,0,1
347,swift-swim,1,3
348,battle-armor,0,1
348,swift-swim,1,3
349,swift-swim,0,1
349,oblivious,0,2
349,adaptability,1,3
350,marvel-scale,0,1
350,competitive,0,2
350,cute-charm,1,3
351,forecast,0,1
352,color-change,0,1
352,protean,1,3
353,insomnia,0,1
353,frisk,0,2
353,cursed-body,1,3
354,insomnia,0,1
354,frisk,0,2
354,cursed-body,1,3
355,levitate,0,1
355,frisk,1,3
356,pressure,0,1
356,frisk,1,3
357,chlorophyll,0,1
357,solar-power,0,2
357,harvest,1,3
358,levitate,0,1
359,pressure,0,1
359,super-luck,0,2
359,justified,1,3
360,shadow-tag,0,1
360,telepathy,1,3
361,inner-focus,0,1
361,ice-body,0,2
361,moody,1,3
362,inner-focus,0,1
362,ice-body,0,2
362,moody,1,3
363,thick-fat,0,1
363,ice-body,0,2
363,oblivious,1,3
364,thick-fat,0,1
364,ice-body,0,2
364,oblivious,1,3
365,thick-fat,0,1
365,ice-body,0,2
365,oblivious,1,3
366,shell-armor,0,1
366,rattled,1,3
367,swift-swim,0,1
367,water-veil,1,3
368,swift-swim,0,1
368,hydration,1,3
369,swift-swim,0,1
369,rock-head,0,2
369,sturdy,1,3
370,swift-swim,0,1
370,hydration,1,3
371,rock-head,0,1
371,sheer-force,1,3
372,rock-head,0,1
372,overcoat,1,3
373,intimidate,0,1
373,moxie,1,3
374,clear-body,0,1
374,light-metal,1,3
375,clear-body,0,1
375,light-metal,1,3
376,clear-body,0,1
376,light-metal,1,3
377,clear-body,0,1
377,sturdy,1,3
378,clear-body,0,1
378,ice-body,1,3
379,clear-body,0,1
379,light-metal,1,3
380,levitate,0,1
381,levitate,0,1
382,drizzle,0,1
383,drought,0,1
384,air-lock,0,1
385,serene-grace,0,1
386,pressure,0,1
387,overgrow,0,1
387,shell-armor,1,3
388,overgrow,0,1
388,shell-armor,1,3
389,overgrow,0,1
389,shell-armor,1,3
390,blaze,0,1
390,iron-fist,1,3
391,blaze,0,1
391,iron-fist,1,3
392,blaze,0,1
392,iron-fist,1,3
393,torrent,0,1
393,defiant,1,3
394,torrent,0,1
394,defiant,1,3
395,torrent,0,1
395,defiant,1,3
396,keen-eye,0,1
396,reckless,1,3
397,intimidate,0,1
397,reckless,1,3
398,intimidate,0,1
398,reckless,1,3
399,simple,0,1
399,unaware,0,2
399,moody,1,3
400,simple,0,1
400,unaware,0,2
400,moody,1,3
401,shed-skin,0,1
401,run-away,1,3
402,swarm,0,1
402,technician,1,3
403,rivalry,0,1
403,intimidate,0,2
403,guts,1,3
404,rivalry,0,1
404,intimidate,0,2
404,guts,1,3
405,rivalry,0,1
405,intimidate,0,2
405,guts,1,3
406,natural-cure,0,1
406,poison-point,0,2
406,leaf-guard,1,3
407,natural-cure,0,1
407,poison-point,0,2
407,technician,1,3
408,mold-breaker,0,1
408,sheer-force,1,3
409,mold-breaker,0,1
409,sheer-force,1,3
410,sturdy,0,1
410,soundproof,1,3
411,sturdy,0,1
411,soundproof,1,3
412,shed-skin,0,1
412,overcoat,1,3
413,anticipation,0,1
413,overcoat,1,3
414,swarm,0,1
414,tinted-lens,1,3
415,honey-gather,0,1
415,hustle,1,3
416,pressure,0,1
416,unnerve,1,3
417,run-away,0,1
417,pickup,0,2
417,volt-absorb,1,3
418,swift-swim,0,1
418,water-veil,1,3
419,swift-swim,0,1
419,water-veil,1,3
420,chlorophyll,0,1
421,flower-gift,0,1
422,sticky-hold,0,1
422,storm-drain,0,2
422,sand-force,1,3
423,sticky-hold,0,1
423,storm-drain,0,2
423,sand-force,1,3
424,technician,0,1
424,pickup,0,2
424,skill-link,1,3
425,aftermath,0,1
425,unburden,0,2
425,flare-boost,1,3
426,aftermath,0,1
426,unburden,0,2
426,flare-boost,1,3
427,run-away,0,1
427,klutz,0,2
427,limber,1,3
428,cute-charm,0,1
428,klutz,0,2
428,limber,1,3
429,levitate,0,1
430,insomnia,0,1
430,super-luck,0,2
430,moxie,1,3
431,limber,0,1
431,own-tempo,0,2
431,keen-eye,1,3
432,thick-fat,0,1
432,own-tempo,0,2
432,defiant,1,3
433,levitate,0,1
434,stench,0,1
434,aftermath,0,2
434,keen-eye,1,3
435,stench,0,1
435,aftermath,0,2
435,keen-eye,1,3
436,levitate,0,1
436,heatproof,0,2
436,heavy-metal,1,3
437,levitate,0,1
437,heatproof,0,2
437,heavy-metal,1,3
438,sturdy,0,1
438,rock-head,0,2
438,rattled,1,3
439,soundproof,0,1
439,filter,0,2
439,technician,1,3
440,natural-cure,0,1
440,serene-grace,0,2
440,friend-guard,1,3
441,keen-eye,0,1
441,tangled-feet,0,2
441,big-pecks,1,3
442,pressure,0,1
442,infiltrator,1,3
443,sand-veil,0,1
443,rough-skin,1,3
444,sand-veil,0,1
444,rough-skin,1,3
445,sand-veil,0,1
445,rough-skin,1,3
446,pickup,0,1
446,thick-fat,0,2
446,gluttony,1,3
447,steadfast,0,1
447,inner-focus,0,2
447,prankster,1,3
448,steadfast,0,1
448,inner-focus,0,2
448,justified,1,3
449,sand-stream,0,1
449,sand-force,1,3
450,sand-stream,0,1
450,sand-force,1,3
451,battle-armor,0,1
451,sniper,0,2
451,keen-eye,1,3
452,battle-armor,0,1
452,sniper,0,2
452,keen-eye,1,3
453,anticipation,0,1
453,dry-skin,0,2
453,poison-touch,1,3
454,anticipation,0,1
454,dry-skin,0,2
454,poison-touch,1,3
455,levitate,0,1
456,swift-swim,0,1
456,storm-drain,0,2
456,water-veil,1,3
457,swift-swim,0,1
457,storm-drain,0,2
457,water-veil,1,3
458,swift-swim,0,1
458,water-absorb,0,2
458,water-veil,1,3
459,snow-warning,0,1
459,soundproof,1,3
460,snow-warning,0,1
460,soundproof,1,3
461,pressure,0,1
461,pickpocket,1,3
462,magnet-pull,0,1
462,sturdy,0,2
462,analytic,1,3
463,own-tempo,0,1
463,oblivious,0,2
463,cloud-nine,1,3
464,lightning-rod,0,1
464,solid-rock,0,2
464,reckless,1,3
465,chlorophyll,0,1
465,leaf-guard,0,2
465,regenerator,1,3
466,motor-drive,0,1
466,vital-spirit,1,3
467,flame-body,0,1
467,vital-spirit,1,3
468,hustle,0,1
468,serene-grace,0,2
468,super-luck,1,3
469,speed-boost,0,1
469,tinted-lens,0,2
469,frisk,1,3
470,leaf-guard,0,1
470,chlorophyll,1,3
471,snow-cloak,0,1
471,ice-body,1,3
472,hyper-cutter,0,1
472,sand-veil,0,2
472,poison-heal,1,3
473,oblivious,0,1
473,snow-cloak,0,2
473,thick-fat,1,3
474,adaptability,0,1
474,download,0,2
474,analytic,1,3
475,steadfast,0,1
475,justified,1,3
476,sturdy,0,1
476,magnet-pull,0,2
476,sand-force,1,3
477,pressure,0,1
477,frisk,1,3
478,snow-cloak,0,1
478,cursed-body,1,3
479,levitate,0,1
480,levitate,0,1
481,levitate,0,1
482,levitate,0,1
483,pressure,0,1
483,telepathy,1,3
484,pressure,0,1
484,telepathy,1,3
485,flash-fire,0,1
485,flame-body,1,3
486,slow-start,0,1
487,pressure,0,1
487,telepathy,1,3
488,levitate,0,1
489,hydration,0,1
490,hydration,0,1
491,bad-dreams,0,1
492,natural-cure,0,1
493,multitype,0,1
494,victory-star,0,1
495,overgrow,0,1
495,contrary,1,3
496,overgrow,0,1
496,contrary,1,3
497,overgrow,0,1
497,contrary,1,3
498,blaze,0,1
498,thick-fat,1,3
499,blaze,0,1
499,thick-fat,1,3
500,blaze,0,1
500,reckless,1,3
501,torrent,0,1
501,shell-armor,1,3
502,torrent,0,1
502,shell-armor,1,3
503,torrent,0,1
503,shell-armor,1,3
504,run-away,0,1
504,keen-eye,0,2
504,analytic,1,3
505,illuminate,0,1
505,keen-eye,0,2
505,analytic,1,3
506,vital-spirit,0,1
506,pickup,0,2
506,run-away,1,3
507,intimidate,0,1
507,sand-rush,0,2
507,scrappy,1,3
508,intimidate,0,1
508,sand-rush,0,2
508,scrappy,1,3
509,limber,0,1
509,unburden,0,2
509,prankster,1,3
510,limber,0,1
510,unburden,0,2
510,prankster,1,3
511,gluttony,0,1
511,overgrow,1,3
512,gluttony,0,1
512,overgrow,1,3
513,gluttony,0,1
513,blaze,1,3
514,gluttony,0,1
514,blaze,1,3
515,gluttony,0,1
515,torrent,1,3
516,gluttony,0,1
516,torrent,1,3
517,forewarn,0,1
517,synchronize,0,2
517,telepathy,1,3
518,forewarn,0,1
518,synchronize,0,2
518,telepathy,1,3
519,big-pecks,0,1
519,super-luck,0,2
519,rivalry,1,3
520,big-pecks,0,1
520,super-luck,0,2
520,rivalry,1,3
521,big-pecks,0,1
521,super-luck,0,2
521,rivalry,1,3
522,lightning-rod,0,1
522,motor-drive,0,2
522,sap-sipper,1,3
523,lightning-rod,0,1
523,motor-drive,0,2
523,sap-sipper,1,3
524,sturdy,0,1
524,weak-armor,0,2
524,sand-force,1,3
525,sturdy,0,1
525,weak-armor,0,2
525,sand-force,1,3
526,sturdy,0,1
526,sand-stream,0,2
526,sand-force,1,3
527,unaware,0,1
527,klutz,0,2
527,simple,1,3
528,unaware,0,1
528,klutz,0,2
528,simple,1,3
529,sand-rush,0,1
529,sand-force,0,2
529,mold-breaker,1,3
530,sand-rush,0,1
530,sand-force,0,2
530,mold-breaker,1,3
531,healer,0,1
531,regenerator,0,2
531,klutz,1,3
532,guts,0,1
532,sheer-force,0,2
532,iron-fist,1,3
533,guts,0,1
533,sheer-force,0,2
533,iron-fist,1,3
534,guts,0,1
534,sheer-force,0,2
534,iron-fist,1,3
535,swift-swim,0,1
535,hydration,0,2
535,water-absorb,1,3
536,swift-swim,0,1
536,hydration,0,2
536,water-absorb,1,3
537,swift-swim,0,1
537,poison-touch,0,2
537,water-absorb,1,3
538,guts,0,1
538,inner-focus,0,2
538,mold-breaker,1,3
539,sturdy,0,1
539,inner-focus,0,2
539,mold-breaker,1,3
540,swarm,0,1
540,chlorophyll,0,2
540,overcoat,1,3
541,leaf-guard,0,1
541,chlorophyll,0,2
541,overcoat,1,3
542,swarm,0,1
542,chlorophyll,0,2
542,overcoat,1,3
543,poison-point,0,1
543,swarm,0,2
543,speed-boost,1,3
544,poison-point,0,1
544,swarm,0,2
544,speed-boost,1,3
545,poison-point,0,1
545,swarm,0,2
545,speed-boost,1,3
546,prankster,0,1
546,infiltrator,0,2
546,chlorophyll,1,3
547,prankster,0,1
547,infiltrator,0,2
547,chlorophyll,1,3
548,chlorophyll,0,1
548,own-tempo,0,2
548,leaf-guard,1,3
549,chlorophyll,0,1
549,own-tempo,0,2
549,leaf-guard,1,3
550,reckless,0,1
550,adaptability,0,2
550,mold-breaker,1,3
551,intimidate,0,1
551,moxie,0,2
551,anger-point,1,3
552,intimidate,0,1
552,moxie,0,2
552,anger-point,1,3
553,intimidate,0,1
553,moxie,0,2
553,anger-point,1,3
554,hustle,0,1
554,inner-focus,1,3
555,sheer-force,0,1
555,zen-mode,1,3
556,water-absorb,0,1
556,chlorophyll,0,2
556,storm-drain,1,3
557,sturdy,0,1
557,shell-armor,0,2
557,weak-armor,1,3
558,sturdy,0,1
558,shell-armor,0,2
558,weak-armor,1,3
559,shed-skin,0,1
559,moxie,0,2
559,intimidate,1,3
560,shed-skin,0,1
560,moxie,0,2
560,intimidate,1,3
561,wonder-skin,0,1
561,magic-guard,0,2
561,tinted-lens,1,3
562,mummy,0,1
563,mummy,0,1
564,solid-rock,0,1
564,sturdy,0,2
564,swift-swim,1,3
565,solid-rock,0,1
565,sturdy,0,2
565,swift-swim,1,3
566,defeatist,0,1
567,defeatist,0,1
568,stench,0,1
568,sticky-hold,0,2
568,aftermath,1,3
569,stench,0,1
569,weak-armor,0,2
569,aftermath,1,3
570,illusion,0,1
571,illusion,0,1
572,cute-charm,0,1
572,technician,0,2
572,skill-link,1,3
573,cute-charm,0,1
573,technician,0,2
573,skill-link,1,3
574,frisk,0,1
574,competitive,0,2
574,shadow-tag,1,3
575,frisk,0,1
575,competitive,0,2
575,shadow-tag,1,3
576,frisk,0,1
576,competitive,0,2
576,shadow-tag,1,3
577,overcoat,0,1
577,magic-guard,0,2
577,regenerator,1,3
578,overcoat,0,1
578,magic-guard,0,2
578,regenerator,1,3
579,overcoat,0,1
579,magic-guard,0,2
579,regenerator,1,3
580,keen-eye,0,1
580,big-pecks,0,2
580,hydration,1,3
581,keen-eye,0,1
581,big-pecks,0,2
581,hydration,1,3
582,ice-body,0,1
582,snow-cloak,0,2
582,weak-armor,1,3
583,ice-body,0,1
583,snow-cloak,0,2
583,weak-armor,1,3
584,ice-body,0,1
584,snow-warning,0,2
584,weak-armor,1,3
585,chlorophyll,0,1
585,sap-sipper,0,2
585,serene-grace,1,3
586,chlorophyll,0,1
586,sap-sipper,0,2
586,serene-grace,1,3
587,static,0,1
587,motor-drive,1,3
588,swarm,0,1
588,shed-skin,0,2
588,no-guard,1,3
589,swarm,0,1
589,shell-armor,0,2
589,overcoat,1,3
590,effect-spore,0,1
590,regenerator,1,3
591,effect-spore,0,1
591,regenerator,1,3
592,water-absorb,0,1
592,cursed-body,0,2
592,damp,1,3
593,water-absorb,0,1
593,cursed-body,0,2
593,damp,1,3
594,healer,0,1
594,hydration,0,2
594,regenerator,1,3
595,compound-eyes,0,1
595,unnerve,0,2
595,swarm,1,3
596,compound-eyes,0,1
596,unnerve,0,2
596,swarm,1,3
597,iron-barbs,0,1
598,iron-barbs,0,1
598,anticipation,1,3
599,plus,0,1
599,minus,0,2
599,clear-body,1,3
600,plus,0,1
600,minus,0,2
600,clear-body,1,3
601,plus,0,1
601,minus,0,2
601,clear-body,1,3
602,levitate,0,1
603,levitate,0,1
604,levitate,0,1
605,telepathy,0,1
605,synchronize,0,2
605,analytic,1,3
606,telepathy,0,1
606,synchronize,0,2
606,analytic,1,3
607,flash-fire,0,1
607,flame-body,0,2
607,infiltrator,1,3
608,flash-fire,0,1
608,flame-body,0,2
608,infiltrator,1,3
609,flash-fire,0,1
609,flame-body,0,2
609,infiltrator,1,3
610,rivalry,0,1
610,mold-breaker,0,2
610,unnerve,1,3
611,rivalry,0,1
611,mold-breaker,0,2
611,unnerve,1,3
612,rivalry,0,1
612,mold-breaker,0,2
612,unnerve,1,3
613,snow-cloak,0,1
613,slush-rush,0,2
613,rattled,1,3
614,snow-cloak,0,1
614,slush-rush,0,2
614,swift-swim,1,3
615,levitate,0,1
616,hydration,0,1
616,shell-armor,0,2
616,overcoat,1,3
617,hydration,0,1
617,sticky-hold,0,2
617,unburden,1,3
618,static,0,1
618,limber,0,2
618,sand-veil,1,3
619,inner-focus,0,1
619,regenerator,0,2
619,reckless,1,3
620,inner-focus,0,1
620,regenerator,0,2
620,reckless,1,3
621,rough-skin,0,1
621,sheer-force,0,2
621,mold-breaker,1,3
622,iron-fist,0,1
622,klutz,0,2
622,no-guard,1,3
623,iron-fist,0,1
623,klutz,0,2
623,no-guard,1,3
624,defiant,0,1
624,inner-focus,0,2
624,pressure,1,3
625,defiant,0,1
625,inner-focus,0,2
625,pressure,1,3
626,reckless,0,1
626,sap-sipper,0,2
626,soundproof,1,3
627,keen-eye,0,1
627,sheer-force,0,2
627,hustle,1,3
628,keen-eye,0,1
628,sheer-force,0,2
628,defiant,1,3
629,big-pecks,0,1
629,overcoat,0,2
629,weak-armor,1,3
630,big-pecks,0,1
630,overcoat,0,2
630,weak-armor,1,3
631,gluttony,0,1
631,flash-fire,0,2
631,white-smoke,1,3
632,swarm,0,1
632,hustle,0,2
632,truant,1,3
633,hustle,0,1
634,hustle,0,1
635,levitate,0,1
636,flame-body,0,1
636,swarm,1,3
637,flame-body,0,1
637,swarm,1,3
638,justified,0,1
639,justified,0,1
640,justified,0,1
641,prankster,0,1
641,defiant,1,3
642,prankster,0,1
642,defiant,1,3
643,turboblaze,0,1
644,teravolt,0,1
645,sand-force,0,1
645,sheer-force,1,3
646,pressure,0,1
647,justified,0,1
648,serene-grace,0,1
649,download,0,1
650,overgrow,0,1
650,bulletproof,1,3
651,overgrow,0,1
651,bulletproof,1,3
652,overgrow,0,1
652,bulletproof,1,3
653,blaze,0,1
653,magician,1,3
654,blaze,0,1
654,magician,1,3
655,blaze,0,1
655,magician,1,3
656,torrent,0,1
656,protean,1,3
657,torrent,0,1
657,protean,1,3
658,torrent,0,1
658,protean,1,3
659,pickup,0,1
659,cheek-pouch,0,2
659,huge-power,1,3
660,pickup,0,1
660,cheek-pouch,0,2
660,huge-power,1,3
661,big-pecks,0,1
661,gale-wings,1,3
662,flame-body,0,1
662,gale-wings,1,3
663,flame-body,0,1
663,gale-wings,1,3
664,shield-dust,0,1
664,compound-eyes,0,2
664,friend-guard,1,3
665,shed-skin,0,1
665,friend-guard,1,3
666,shield-dust,0,1
666,compound-eyes,0,2
666,friend-guard,1,3
667,rivalry,0,1
667,unnerve,0,2
667,moxie,1,3
668,rivalry,0,1
668,unnerve,0,2
668,moxie,1,3
669,flower-veil,0,1
669,symbiosis,1,3
670,flower-veil,0,1
670,symbiosis,1,3
671,flower-veil,0,1
671,symbiosis,1,3
672,sap-sipper,0,1
672,grass-pelt,1,3
673,sap-sipper,0,1
673,grass-pelt,1,3
674,iron-fist,0,1
674,mold-breaker,0,2
674,scrappy,1,3
675,iron-fist,0,1
675,mold-breaker,0,2
675,scrappy,1,3
676,fur-coat,0,1
677,keen-eye,0,1
677,infiltrator,0,2
677,own-tempo,1,3
678,keen-eye,0,1
678,infiltrator,0,2
678,prankster,1,3
679,no-guard,0,1
680,no-guard,0,1
681,stance-change,0,1
682,healer,0,1
682,aroma-veil,1,3
683,healer,0,1
683,aroma-veil,1,3
684,sweet-veil,0,1
684,unburden,1,3
685,sweet-veil,0,1
685,unburden,1,3
686,contrary,0,1
686,suction-cups,0,2
686,infiltrator,1,3
687,contrary,0,1
687,suction-cups,0,2
687,infiltrator,1,3
688,tough-claws,0,1
688,sniper,0,2
688,pickpocket,1,3
689,tough-claws,0,1
689,sniper,0,2
689,pickpocket,1,3
690,poison-point,0,1
690,poison-touch,0,2
690,adaptability,1,3
691,poison-point,0,1
691,poison-touch,0,2
691,adaptability,1,3
692,mega-launcher,0,1
693,mega-launcher,0,1
694,dry-skin,0,1
694,sand-veil,0,2
694,solar-power,1,3
695,dry-skin,0,1
695,sand-veil,0,2
695,solar-power,1,3
696,strong-jaw,0,1
696,sturdy,1,3
697,strong-jaw,0,1
697,rock-head,1,3
698,refrigerate,0,1
698,snow-warning,1,3
699,refrigerate,0,1
699,snow-warning,1,3
700,cute-charm,0,1
700,pixilate,1,3
701,limber,0,1
701,unburden,0,2
701,mold-breaker,1,3
702,cheek-pouch,0,1
702,pickup,0,2
702,plus,1,3
703,clear-body,0,1
703,sturdy,1,3
704,sap-sipper,0,1
704,hydration,0,2
704,gooey,1,3
705,sap-sipper,0,1
705,hydration,0,2
705,gooey,1,3
706,sap-sipper,0,1
706,hydration,0,2
706,gooey,1,3
707,prankster,0,1
707,magician,1,3
708,natural-cure,0,1
708,frisk,0,2
708,harvest,1,3
709,natural-cure,0,1
709,frisk,0,2
709,harvest,1,3
710,pickup,0,1
710,frisk,0,2
710,insomnia,1,3
711,pickup,0,1
711,frisk,0,2
711,insomnia,1,3
712,own-tempo,0,1
712,ice-body,0,2
712,sturdy,1,3
713,own-tempo,0,1
713,ice-body,0,2
713,sturdy,1,3
714,frisk,0,1
714,infiltrator,0,2
714,telepathy,1,3
715,frisk,0,1
715,infiltrator,0,2
715,telepathy,1,3
716,fairy-aura,0,1
717,dark-aura,0,1
718,aura-break,0,1
719,clear-body,0,1
720,magician,0,1
721,water-absorb,0,1
722,overgrow,0,1
722,long-reach,1,3
723,overgrow,0,1
723,long-reach,1,3
724,overgrow,0,1
724,long-reach,1,3
725,blaze,0,1
725,intimidate,1,3
726,blaze,0,1
726,intimidate,1,3
727,blaze,0,1
727,intimidate,1,3
728,torrent,0,1
728,liquid-voice,1,3
729,torrent,0,1
729,liquid-voice,1,3
730,torrent,0,1
730,liquid-voice,1,3
731,keen-eye,0,1
731,skill-link,0,2
731,pickup,1,3
732,keen-eye,0,1
732,skill-link,0,2
732,pickup,1,3
733,keen-eye,0,1
733,skill-link,0,2
733,sheer-force,1,3
734,stakeout,0,1
734,strong-jaw,0,2
734,adaptability,1,3
735,stakeout,0,1
735,strong-jaw,0,2
735,adaptability,1,3
736,swarm,0,1
737,battery,0,1
738,levitate,0,1
739,hyper-cutter,0,1
739,iron-fist,0,2
739,anger-point,1,3
740,hyper-cutter,0,1
740,iron-fist,0,2
740,anger-point,1,3
741,dancer,0,1
742,honey-gather,0,1
742,shield-dust,0,2
742,sweet-veil,1,3
743,honey-gather,0,1
743,shield-dust,0,2
743,sweet-veil,1,3
744,keen-eye,0,1
744,vital-spirit,0,2
744,steadfast,1,3
745,keen-eye,0,1
745,sand-rush,0,2
745,steadfast,1,3
746,schooling,0,1
747,merciless,0,1
747,limber,0,2
747,regenerator,1,3
748,merciless,0,1
748,limber,0,2
748,regenerator,1,3
749,own-tempo,0,1
749,stamina,0,2
749,inner-focus,1,3
750,own-tempo,0,1
750,stamina,0,2
750,inner-focus,1,3
751,water-bubble,0,1
751,water-absorb,1,3
752,water-bubble,0,1
752,water-absorb,1,3
753,leaf-guard,0,1
753,contrary,1,3
754,leaf-guard,0,1
754,contrary,1,3
755,illuminate,0,1
755,effect-spore,0,2
755,rain-dish,1,3
756,illuminate,0,1
756,effect-spore,0,2
756,rain-dish,1,3
757,corrosion,0,1
757,oblivious,1,3
758,corrosion,0,1
758,oblivious,1,3
759,fluffy,0,1
759,klutz,0,2
759,cute-charm,1,3
760,fluffy,0,1
760,klutz,0,2
760,unnerve,1,3
761,leaf-guard,0,1
761,oblivious,0,2
761,sweet-veil,1,3
762,leaf-guard,0,1
762,oblivious,0,2
762,sweet-veil,1,3
763,leaf-guard,0,1
763,queenly-majesty,0,2
763,sweet-veil,1,3
764,flower-veil,0,1
764,triage,0,2
764,natural-cure,1,3
765,inner-focus,0,1
765,telepathy,0,2
765,symbiosis,1,3
766,receiver,0,1
766,defiant,1,3
767,wimp-out,0,1
768,emergency-exit,0,1
769,water-compaction,0,1
769,sand-veil,1,3
770,water-compaction,0,1
770,sand-veil,1,3
771,innards-out,0,1
771,unaware,1,3
772,battle-armor,0,1
773,rks-system,0,1
774,shields-down,0,1
775,comatose,0,1
776,shell-armor,0,1
777,iron-barbs,0,1
777,lightning-rod,0,2
777,sturdy,1,3
778,disguise,0,1
779,dazzling,0,1
779,strong-jaw,0,2
779,wonder-skin,1,3
780,berserk,0,1
780,sap-sipper,0,2
780,cloud-nine,1,3
781,steelworker,0,1
782,bulletproof,0,1
782,soundproof,0,2
782,overcoat,1,3
783,bulletproof,0,1
783,soundproof,0,2
783,overcoat,1,3
784,bulletproof,0,1
784,soundproof,0,2
784,overcoat,1,3
785,electric-surge,0,1
785,telepathy,1,3
786,psychic-surge,0,1
786,telepathy,1,3
787,grassy-surge,0,1
787,telepathy,1,3
788,misty-surge,0,1
788,telepathy,1,3
789,unaware,0,1
790,sturdy,0,1
791,full-metal-body,0,1
792,shadow-shield,0,1
793,beast-boost,0,1
794,beast-boost,0,1
795,beast-boost,0,1
796,beast-boost,0,1
797,beast-boost,0,1
798,beast-boost,0,1
799,beast-boost,0,1
800,prism-armor,0,1
801,soul-heart,0,1
802,technician,0,1
803,beast-boost,0,1
804,beast-boost,0,1
805,beast-boost,0,1
806,beast-boost,0,1
807,volt-absorb,0,1
808,magnet-pull,0,1
809,iron-fist,0,1
810,overgrow,0,1
810,grassy-surge,1,3
811,overgrow,0,1
811,grassy-surge,1,3
812,overgrow,0,1
812,grassy-surge,1,3
813,blaze,0,1
813,libero,1,3
814,blaze,0,1
814,libero,1,3
815,blaze,0,1
815,libero,1,3
816,torrent,0,1
816,sniper,1,3
817,torrent,0,1
817,sniper,1,3
818,torrent,0,1
818,sniper,1,3
819,cheek-pouch,0,1
819,gluttony,1,3
820,cheek-pouch,0,1
820,gluttony,1,3
821,keen-eye,0,1
821,unnerve,0,2
821,big-pecks,1,3
822,keen-eye,0,1
822,unnerve,0,2
822,big-pecks,1,3
823,pressure,0,1
823,unnerve,0,2
823,mirror-armor,1,3
824,swarm,0,1
824,compound-eyes,0,2
824,telepathy,1,3
825,swarm,0,1
825,compound-eyes,0,2
825,telepathy,1,3
826,swarm,0,1
826,frisk,0,2
826,telepathy,1,3
827,run-away,0,1
827,unburden,0,2
827,stakeout,1,3
828,run-away,0,1
828,unburden,0,2
828,stakeout,1,3
829,cotton-down,0,1
829,regenerator,0,2
829,effect-spore,1,3
830,cotton-down,0,1
830,regenerator,0,2
830,effect-spore,1,3
831,fluffy,0,1
831,run-away,0,2
831,bulletproof,1,3
832,fluffy,0,1
832,steadfast,0,2
832,bulletproof,1,3
833,strong-jaw,0,1
833,shell-armor,0,2
833,swift-swim,1,3
834,strong-jaw,0,1
834,shell-armor,0,2
834,swift-swim,1,3
835,ball-fetch,0,1
835,rattled,1,3
836,strong-jaw,0,1
836,competitive,1,3
837,steam-engine,0,1
837,heatproof,0,2
837,flash-fire,1,3
838,steam-engine,0,1
838,flame-body,0,2
838,flash-fire,1,3
839,steam-engine,0,1
839,flame-body,0,2
839,flash-fire,1,3
840,ripen,0,1
840,gluttony,0,2
840,bulletproof,1,3
841,ripen,0,1
841,gluttony,0,2
841,hustle,1,3
842,ripen,0,1
842,gluttony,0,2
842,thick-fat,1,3
843,sand-spit,0,1
843,shed-skin,0,2
843,sand-veil,1,3
844,sand-spit,0,1
844,shed-skin,0,2
844,sand-veil,1,3
845,gulp-missile,0,1
846,swift-swim,0,1
846,propeller-tail,1,3
847,swift-swim,0,1
847,propeller-tail,1,3
848,rattled,0,1
848,static,0,2
848,klutz,1,3
849,punk-rock,0,1
849,plus,0,2
849,technician,1,3
850,flash-fire,0,1
850,white-smoke,0,2
850,flame-body,1,3
851,flash-fire,0,1
851,white-smoke,0,2
851,flame-body,1,3
852,limber,0,1
852,technician,1,3
853,limber,0,1
853,technician,1,3
854,weak-armor,0,1
854,cursed-body,1,3
855,weak-armor,0,1
855,cursed-body,1,3
856,healer,0,1
856,anticipation,0,2
856,magic-bounce,1,3
857,healer,0,1
857,anticipation,0,2
857,magic-bounce,1,3
858,healer,0,1
858,anticipation,0,2
858,magic-bounce,1,3
859,prankster,0,1
859,frisk,0,2
859,pickpocket,1,3
860,prankster,0,1
860,frisk,0,2
860,pickpocket,1,3
861,prankster,0,1
861,frisk,0,2
861,pickpocket,1,3
862,reckless,0,1
862,guts,0,2
862,defiant,1,3
863,battle-armor,0,1
863,tough-claws,0,2
863,steely-spirit,1,3
864,weak-armor,0,1
864,perish-body,1,3
865,steadfast,0,1
865,scrappy,1,3
866,tangled-feet,0,1
866,screen-cleaner,0,2
866,ice-body,1,3
867,wandering-spirit,0,1
868,sweet-veil,0,1
868,aroma-veil,1,3
869,sweet-veil,0,1
869,aroma-veil,1,3
870,battle-armor,0,1
870,defiant,1,3
871,lightning-rod,0,1
871,electric-surge,1,3
872,shield-dust,0,1
872,ice-scales,1,3
873,shield-dust,0,1
873,ice-scales,1,3
874,power-spot,0,1
875,ice-face,0,1
876,inner-focus,0,1
876,synchronize,0,2
876,psychic-surge,1,3
877,hunger-switch,0,1
878,sheer-force,0,1
878,heavy-metal,1,3
879,sheer-force,0,1
879,heavy-metal,1,3
880,volt-absorb,0,1
880,hustle,0,2
880,sand-rush,1,3
881,volt-absorb,0,1
881,static,0,2
881,slush-rush,1,3
882,water-absorb,0,1
882,strong-jaw,0,2
882,sand-rush,1,3
883,water-absorb,0,1
883,ice-body,0,2
883,slush-rush,1,3
884,light-metal,0,1
884,heavy-metal,0,2
884,stalwart,1,3
885,clear-body,0,1
885,infiltrator,0,2
885,cursed-body,1,3
886,clear-body,0,1
886,infiltrator,0,2
886,cursed-body,1,3
887,clear-body,0,1
887,infiltrator,0,2
887,cursed-body,1,3
888,intrepid-sword,0,1
889,dauntless-shield,0,1
890,pressure,0,1
891,inner-focus,0,1
892,unseen-fist,0,1
893,leaf-guard,0,1
894,transistor,0,1
895,dragons-maw,0,1
896,chilling-neigh,0,1
897,grim-neigh,0,1
898,unnerve,0,1
10001,pressure,0,1
10002,pressure,0,1
10003,pressure,0,1
10004,anticipation,0,1
10004,overcoat,1,3
10005,anticipation,0,1
10005,overcoat,1,3
10006,serene-grace,0,1
10007,levitate,0,1
10008,levitate,0,1
10009,levitate,0,1
10010,levitate,0,1
10011,levitate,0,1
10012,levitate,0,1
10013,forecast,0,1
10014,forecast,0,1
10015,forecast,0,1
10016,rock-head,0,1
10016,adaptability,0,2
10016,mold-breaker,1,3
10017,sheer-force,0,1
10017,zen-mode,1,3
10018,serene-grace,0,1
10019,regenerator,0,1
10020,volt-absorb,0,1
10021,intimidate,0,1
10022,teravolt,0,1
10023,turboblaze,0,1
10024,justified,0,1
10025,keen-eye,0,1
10025,infiltrator,0,2
10025,competitive,1,3
10026,stance-change,0,1
10027,pickup,0,1
10027,frisk,0,2
10027,insomnia,1,3
10028,pickup,0,1
10028,frisk,0,2
10028,insomnia,1,3
10029,pickup,0,1
10029,frisk,0,2
10029,insomnia,1,3
10030,pickup,0,1
10030,frisk,0,2
10030,insomnia,1,3
10031,pickup,0,1
10031,frisk,0,2
10031,insomnia,1,3
10032,pickup,0,1
10032,frisk,0,2
10032,insomnia,1,3
10033,thick-fat,0,1
10034,tough-claws,0,1
10035,drought,0,1
10036,mega-launcher,0,1
10037,trace,0,1
10038,shadow-tag,0,1
10039,parental-bond,0,1
10040,aerilate,0,1
10041,mold-breaker,0,1
10042,tough-claws,0,1
10043,steadfast,0,1
10044,insomnia,0,1
10045,mold-breaker,0,1
10046,technician,0,1
10047,skill-link,0,1
10048,solar-power,0,1
10049,sand-stream,0,1
10050,speed-boost,0,1
10051,pixilate,0,1
10052,huge-power,0,1
10053,filter,0,1
10054,pure-power,0,1
10055,intimidate,0,1
10056,prankster,0,1
10057,magic-bounce,0,1
10058,sand-force,0,1
10059,adaptability,0,1
10060,snow-warning,0,1
10061,flower-veil,0,1
10061,symbiosis,1,3
10062,levitate,0,1
10063,levitate,0,1
10064,swift-swim,0,1
10065,lightning-rod,0,1
10066,magic-bounce,0,1
10067,pixilate,0,1
10068,inner-focus,0,1
10069,healer,0,1
10070,strong-jaw,0,1
10071,shell-armor,0,1
10072,sand-force,0,1
10073,no-guard,0,1
10074,refrigerate,0,1
10075,magic-bounce,0,1
10076,tough-claws,0,1
10077,primordial-sea,0,1
10078,desolate-land,0,1
10079,delta-stream,0,1
10080,static,0,1
10080,lightning-rod,1,3
10081,static,0,1
10081,lightning-rod,1,3
10082,static,0,1
10082,lightning-rod,1,3
10083,static,0,1
10083,lightning-rod,1,3
10084,static,0,1
10084,lightning-rod,1,3
10085,static,0,1
10085,lightning-rod,1,3
10086,magician,0,1
10087,sheer-force,0,1
10088,scrappy,0,1
10089,aerilate,0,1
10090,adaptability,0,1
10091,gluttony,0,1
10091,hustle,0,2
10091,thick-fat,1,3
10092,gluttony,0,1
10092,hustle,0,2
10092,thick-fat,1,3
10093,gluttony,0,1
10093,hustle,0,2
10093,thick-fat,1,3
10094,static,0,1
10094,lightning-rod,1,3
10095,static,0,1
10095,lightning-rod,1,3
10096,static,0,1
10096,lightning-rod,1,3
10097,static,0,1
10097,lightning-rod,1,3
10098,static,0,1
10098,lightning-rod,1,3
10099,static,0,1
10099,lightning-rod,1,3
10100,surge-surfer,0,1
10101,snow-cloak,0,1
10101,slush-rush,1,3
10102,snow-cloak,0,1
10102,slush-rush,1,3
10103,snow-cloak,0,1
10103,snow-warning,1,3
10104,snow-cloak,0,1
10104,snow-warning,1,3
10105,sand-veil,0,1
10105,tangling-hair,0,2
10105,sand-force,1,3
10106,sand-veil,0,1
10106,tangling-hair,0,2
10106,sand-force,1,3
10107,pickup,0,1
10107,technician,0,2
10107,rattled,1,3
10108,fur-coat,0,1
10108,technician,0,2
10108,rattled,1,3
10109,magnet-pull,0,1
10109,sturdy,0,2
10109,galvanize,1,3
10110,magnet-pull,0,1
10110,sturdy,0,2
10110,galvanize,1,3
10111,magnet-pull,0,1
10111,sturdy,0,2
10111,galvanize,1,3
10112,poison-touch,0,1
10112,gluttony,0,2
10112,power-of-alchemy,1,3
10113,poison-touch,0,1
10113,gluttony,0,2
10113,power-of-alchemy,1,3
10114,frisk,0,1
10114,harvest,1,3
10115,cursed-body,0,1
10115,lightning-rod,0,2
10115,rock-head,1,3
10116,battle-bond,0,1
10117,battle-bond,0,1
10118,power-construct,0,1
10119,power-construct,0,1
10120,power-construct,0,1
10121,stakeout,0,1
10121,strong-jaw,0,2
10121,adaptability,1,3
10122,levitate,0,1
10123,dancer,0,1
10124,dancer,0,1
10125,dancer,0,1
10126,keen-eye,0,1
10126,vital-spirit,0,2
10126,no-guard,1,3
10127,schooling,0,1
10128,leaf-guard,0,1
10128,contrary,1,3
10129,corrosion,0,1
10129,oblivious,1,3
10130,shields-down,0,1
10131,shields-down,0,1
10132,shields-down,0,1
10133,shields-down,0,1
10134,shields-down,0,1
10135,shields-down,0,1
10136,shields-down,0,1
10137,shields-down,0,1
10138,shields-down,0,1
10139,shields-down,0,1
10140,shields-down,0,1
10141,shields-down,0,1
10142,shields-down,0,1
10143,disguise,0,1
10144,disguise,0,1
10145,disguise,0,1
10146,bulletproof,0,1
10146,soundproof,0,2
10146,overcoat,1,3
10147,soul-heart,0,1
10148,static,0,1
10148,lightning-rod,1,3
10149,cursed-body,0,1
10149,lightning-rod,0,2
10149,rock-head,1,3
10150,honey-gather,0,1
10150,shield-dust,0,2
10150,sweet-veil,1,3
10151,own-tempo,0,1
10152,tough-claws,0,1
10153,water-bubble,0,1
10153,water-absorb,1,3
10154,iron-barbs,0,1
10154,lightning-rod,0,2
10154,sturdy,1,3
10155,prism-armor,0,1
10156,prism-armor,0,1
10157,neuroforce,0,1
10158,static,0,1
10158,lightning-rod,1,3
10159,run-away,0,1
10159,adaptability,0,2
10159,anticipation,1,3
10160,static,0,1
10160,lightning-rod,1,3
10161,pickup,0,1
10161,tough-claws,0,2
10161,unnerve,1,3
10162,run-away,0,1
10162,pastel-veil,0,2
10162,anticipation,1,3
10163,run-away,0,1
10163,pastel-veil,0,2
10163,anticipation,1,3
10164,gluttony,0,1
10164,own-tempo,0,2
10164,regenerator,1,3
10165,quick-draw,0,1
10165,own-tempo,0,2
10165,regenerator,1,3
10166,steadfast,0,1
10166,scrappy,1,3
10167,levitate,0,1
10167,neutralizing-gas,0,2
10167,misty-surge,1,3
10168,vital-spirit,0,1
10168,screen-cleaner,0,2
10168,ice-body,1,3
10169,competitive,0,1
10170,defiant,0,1
10171,berserk,0,1
10172,curious-medicine,0,1
10172,own-tempo,0,2
10172,regenerator,1,3
10173,weak-armor,0,1
10173,cursed-body,1,3
10174,pickup,0,1
10174,gluttony,0,2
10174,quick-feet,1,3
10175,pickup,0,1
10175,gluttony,0,2
10175,quick-feet,1,3
10176,hustle,0,1
10176,inner-focus,1,3
10177,gorilla-tactics,0,1
10177,zen-mode,1,3
10178,gorilla-tactics,0,1
10178,zen-mode,1,3
10179,wandering-spirit,0,1
10180,mimicry,0,1
10181,aura-break,0,1
10182,gulp-missile,0,1
10183,gulp-missile,0,1
10184,punk-rock,0,1
10184,minus,0,2
10184,technician,1,3
10185,ice-face,0,1
10186,own-tempo,0,1
10186,synchronize,0,2
10186,psychic-surge,1,3
10187,hunger-switch,0,1
10188,intrepid-sword,0,1
10189,dauntless-shield,0,1
10190,pressure,0,1
10191,unseen-fist,0,1
10192,leaf-guard,0,1
10193,as-one-glastrier,0,1
10194,as-one-spectrier,0,1