id,name,power,pp,accuracy,priority,target_id
1,pound,40,35,100,0,10
2,karate-chop,50,25,100,0,10
3,double-slap,15,10,85,0,10
4,comet-punch,18,15,85,0,10
5,mega-punch,80,20,85,0,10
6,pay-day,40,20,100,0,10
7,fire-punch,75,15,100,0,10
8,ice-punch,75,15,100,0,10
9,thunder-punch,75,15,100,0,10
10,scratch,40,35,100,0,10
11,vice-grip,55,30,100,0,10
12,guillotine,,5,30,0,10
13,razor-wind,80,10,100,0,11
14,swords-dance,,20,,0,7
15,cut,50,30,95,0,10
16,gust,40,35,100,0,10
17,wing-attack,60,35,100,0,10
18,whirlwind,,20,,-6,10
19,fly,90,15,95,0,10
20,bind,15,20,85,0,10
21,slam,80,20,75,0,10
22,vine-whip,45,25,100,0,10
23,stomp,65,20,100,0,10
24,double-kick,30,30,100,0,10
25,mega-kick,120,5,75,0,10
26,jump-kick,100,10,95,0,10
27,rolling-kick,60,15,85,0,10
28,sand-attack,,15,100,0,10
29,headbutt,70,15,100,0,10
30,horn-attack,65,25,100,0,10
31,fury-attack,15,20,85,0,10
32,horn-drill,,5,30,0,10
33,tackle,40,35,100,0,10
34,body-slam,85,15,100,0,10
35,wrap,15,20,90,0,10
36,take-down,90,20,85,0,10
37,thrash,120,10,100,0,8
38,double-edge,120,15,100,0,10
39,tail-whip,,30,100,0,11
40,poison-sting,15,35,100,0,10
41,twineedle,25,20,100,0,10
42,pin-missile,25,20,95,0,10
43,leer,,30,100,0,11
44,bite,60,25,100,0,10
45,growl,,40,100,0,11
46,roar,,20,,-6,10
47,sing,,15,55,0,10
48,supersonic,,20,55,0,10
49,sonic-boom,,20,90,0,10
50,disable,,20,100,0,10
51,acid,40,30,100,0,11
52,ember,40,25,100,0,10
53,flamethrower,90,15,100,0,10
54,mist,,30,,0,4
55,water-gun,40,25,100,0,10
56,hydro-pump,110,5,80,0,10
57,surf,90,15,100,0,9
58,ice-beam,90,10,100,0,10
59,blizzard,110,5,70,0,11
60,psybeam,65,20,100,0,10
61,bubble-beam,65,20,100,0,10
62,aurora-beam,65,20,100,0,10
63,hyper-beam,150,5,90,0,10
64,peck,35,35,100,0,10
65,drill-peck,80,20,100,0,10
66,submission,80,20,80,0,10
67,low-kick,,20,100,0,10
68,counter,,20,100,-5,1
69,seismic-toss,,20,100,0,10
70,strength,80,15,100,0,10
71,absorb,20,25,100,0,10
72,mega-drain,40,15,100,0,10
73,leech-seed,,10,90,0,10
74,growth,,20,,0,7
75,razor-leaf,55,25,95,0,11
76,solar-beam,120,10,100,0,10
77,poison-powder,,35,75,0,10
78,stun-spore,,30,75,0,10
79,sleep-powder,,15,75,0,10
80,petal-dance,120,10,100,0,8
81,string-shot,,40,95,0,11
82,dragon-rage,,10,100,0,10
83,fire-spin,35,15,85,0,10
84,thunder-shock,40,30,100,0,10
85,thunderbolt,90,15,100,0,10
86,thunder-wave,,20,90,0,10
87,thunder,110,10,70,0,10
88,rock-throw,50,15,90,0,10
89,earthquake,100,10,100,0,9
90,fissure,,5,30,0,10
91,dig,80,10,100,0,10
92,toxic,,10,90,0,10
93,confusion,50,25,100,0,10
94,psychic,90,10,100,0,10
95,hypnosis,,20,60,0,10
96,meditate,,40,,0,7
97,agility,,30,,0,7
98,quick-attack,40,30,100,1,10
99,rage,20,20,100,0,10
100,teleport,,20,,-6,7
101,night-shade,,15,100,0,10
102,mimic,,10,,0,10
103,screech,,40,85,0,10
104,double-team,,15,,0,7
105,recover,,10,,0,7
106,harden,,30,,0,7
107,minimize,,10,,0,7
108,smokescreen,,20,100,0,10
109,confuse-ray,,10,100,0,10
110,withdraw,,40,,0,7
111,defense-curl,,40,,0,7
112,barrier,,20,,0,7
113,light-screen,,30,,0,4
114,haze,,30,,0,12
115,reflect,,20,,0,4
116,focus-energy,,30,,0,7
117,bide,,10,,1,7
118,metronome,,10,,0,7
119,mirror-move,,20,,0,10
120,self-destruct,200,5,100,0,9
121,egg-bomb,100,10,75,0,10
122,lick,30,30,100,0,10
123,smog,30,20,70,0,10
124,sludge,65,20,100,0,10
125,bone-club,65,20,85,0,10
126,fire-blast,110,5,85,0,10
127,waterfall,80,15,100,0,10
128,clamp,35,15,85,0,10
129,swift,60,20,,0,11
130,skull-bash,130,10,100,0,10
131,spike-cannon,20,15,100,0,10
132,constrict,10,35,100,0,10
133,amnesia,,20,,0,7
134,kinesis,,15,80,0,10
135,soft-boiled,,10,,0,7
136,high-jump-kick,130,10,90,0,10
137,glare,,30,100,0,10
138,dream-eater,100,15,100,0,10
139,poison-gas,,40,90,0,11
140,barrage,15,20,85,0,10
141,leech-life,80,10,100,0,10
142,lovely-kiss,,10,75,0,10
143,sky-attack,140,5,90,0,10
144,transform,,10,,0,10
145,bubble,40,30,100,0,11
146,dizzy-punch,70,10,100,0,10
147,spore,,15,100,0,10
148,flash,,20,100,0,10
149,psywave,,15,100,0,10
150,splash,,40,,0,7
151,acid-armor,,20,,0,7
152,crabhammer,100,10,90,0,10
153,explosion,250,5,100,0,9
154,fury-swipes,18,15,80,0,10
155,bonemerang,50,10,90,0,10
156,rest,,10,,0,7
157,rock-slide,75,10,90,0,11
158,hyper-fang,80,15,90,0,10
159,sharpen,,30,,0,7
160,conversion,,30,,0,7
161,tri-attack,80,10,100,0,10
162,super-fang,,10,90,0,10
163,slash,70,20,100,0,10
164,substitute,,10,,0,7
165,struggle,50,1,,0,8
166,sketch,,1,,0,10
167,triple-kick,10,10,90,0,10
168,thief,60,25,100,0,10
169,spider-web,,10,,0,10
170,mind-reader,,5,,0,10
171,nightmare,,15,100,0,10
172,flame-wheel,60,25,100,0,10
173,snore,50,15,100,0,10
174,curse,,10,,0,1
175,flail,,15,100,0,10
176,conversion-2,,30,,0,10
177,aeroblast,100,5,95,0,10
178,cotton-spore,,40,100,0,11
179,reversal,,15,100,0,10
180,spite,,10,100,0,10
181,powder-snow,40,25,100,0,11
182,protect,,10,,4,7
183,mach-punch,40,30,100,1,10
184,scary-face,,10,100,0,10
185,feint-attack,60,20,,0,10
186,sweet-kiss,,10,75,0,10
187,belly-drum,,10,,0,7
188,sludge-bomb,90,10,100,0,10
189,mud-slap,20,10,100,0,10
190,octazooka,65,10,85,0,10
191,spikes,,20,,0,6
192,zap-cannon,120,5,50,0,10
193,foresight,,40,,0,10
194,destiny-bond,,5,,0,7
195,perish-song,,5,,0,14
196,icy-wind,55,15,95,0,11
197,detect,,5,,4,7
198,bone-rush,25,10,90,0,10
199,lock-on,,5,,0,10
200,outrage,120,10,100,0,8
201,sandstorm,,10,,0,12
202,giga-drain,75,10,100,0,10
203,endure,,10,,4,7
204,charm,,20,100,0,10
205,rollout,30,20,90,0,10
206,false-swipe,40,40,100,0,10
207,swagger,,15,85,0,10
208,milk-drink,,10,,0,7
209,spark,65,20,100,0,10
210,fury-cutter,40,20,95,0,10
211,steel-wing,70,25,90,0,10
212,mean-look,,5,,0,10
213,attract,,15,100,0,10
214,sleep-talk,,10,,0,7
215,heal-bell,,5,,0,13
216,return,,20,100,0,10
217,present,,15,90,0,10
218,frustration,,20,100,0,10
219,safeguard,,25,,0,4
220,pain-split,,20,,0,10
221,sacred-fire,100,5,95,0,10
222,magnitude,,30,100,0,9
223,dynamic-punch,100,5,50,0,10
224,megahorn,120,10,85,0,10
225,dragon-breath,60,20,100,0,10
226,baton-pass,,40,,0,7
227,encore,,5,100,0,10
228,pursuit,40,20,100,0,10
229,rapid-spin,50,40,100,0,10
230,sweet-scent,,20,100,0,11
231,iron-tail,100,15,75,0,10
232,metal-claw,50,35,95,0,10
233,vital-throw,70,10,,-1,10
234,morning-sun,,5,,0,7
235,synthesis,,5,,0,7
236,moonlight,,5,,0,7
237,hidden-power,60,15,100,0,10
238,cross-chop,100,5,80,0,10
239,twister,40,20,100,0,11
240,rain-dance,,5,,0,12
241,sunny-day,,5,,0,12
242,crunch,80,15,100,0,10
243,mirror-coat,,20,100,-5,1
244,psych-up,,10,,0,10
245,extreme-speed,80,5,100,2,10
246,ancient-power,60,5,100,0,10
247,shadow-ball,80,15,100,0,10
248,future-sight,120,10,100,0,10
249,rock-smash,40,15,100,0,10
250,whirlpool,35,15,85,0,10
251,beat-up,,10,100,0,10
252,fake-out,40,10,100,3,10
253,uproar,90,10,100,0,8
254,stockpile,,20,,0,7
255,spit-up,,10,100,0,10
256,swallow,,10,,0,7
257,heat-wave,95,10,90,0,11
258,hail,,10,,0,12
259,torment,,15,100,0,10
260,flatter,,15,100,0,10
261,will-o-wisp,,15,85,0,10
262,memento,,10,100,0,10
263,facade,70,20,100,0,10
264,focus-punch,150,20,100,-3,10
265,smelling-salts,70,10,100,0,10
266,follow-me,,20,,2,7
267,nature-power,,20,,0,10
268,charge,,20,,0,7
269,taunt,,20,100,0,10
270,helping-hand,,20,,5,3
271,trick,,10,100,0,10
272,role-play,,10,,0,10
273,wish,,10,,0,7
274,assist,,20,,0,7
275,ingrain,,20,,0,7
276,superpower,120,5,100,0,10
277,magic-coat,,15,,4,7
278,recycle,,10,,0,7
279,revenge,60,10,100,-4,10
280,brick-break,75,15,100,0,10
281,yawn,,10,,0,10
282,knock-off,65,20,100,0,10
283,endeavor,,5,100,0,10
284,eruption,150,5,100,0,11
285,skill-swap,,10,,0,10
286,imprison,,10,,0,7
287,refresh,,20,,0,7
288,grudge,,5,,0,7
289,snatch,,10,,4,7
290,secret-power,70,20,100,0,10
291,dive,80,10,100,0,10
292,arm-thrust,15,20,100,0,10
293,camouflage,,20,,0,7
294,tail-glow,,20,,0,7
295,luster-purge,70,5,100,0,10
296,mist-ball,70,5,100,0,10
297,feather-dance,,15,100,0,10
298,teeter-dance,,20,100,0,9
299,blaze-kick,85,10,90,0,10
300,mud-sport,,15,,0,12
301,ice-ball,30,20,90,0,10
302,needle-arm,60,15,100,0,10
303,slack-off,,10,,0,7
304,hyper-voice,90,10,100,0,11
305,poison-fang,50,15,100,0,10
306,crush-claw,75,10,95,0,10
307,blast-burn,150,5,90,0,10
308,hydro-cannon,150,5,90,0,10
309,meteor-mash,90,10,90,0,10
310,astonish,30,15,100,0,10
311,weather-ball,50,10,100,0,10
312,aromatherapy,,5,,0,13
313,fake-tears,,20,100,0,10
314,air-cutter,60,25,95,0,11
315,overheat,130,5,90,0,10
316,odor-sleuth,,40,,0,10
317,rock-tomb,60,15,95,0,10
318,silver-wind,60,5,100,0,10
319,metal-sound,,40,85,0,10
320,grass-whistle,,15,55,0,10
321,tickle,,20,100,0,10
322,cosmic-power,,20,,0,7
323,water-spout,150,5,100,0,11
324,signal-beam,75,15,100,0,10
325,shadow-punch,60,20,,0,10
326,extrasensory,80,20,100,0,10
327,sky-uppercut,85,15,90,0,10
328,sand-tomb,35,15,85,0,10
329,sheer-cold,,5,30,0,10
330,muddy-water,90,10,85,0,11
331,bullet-seed,25,30,100,0,10
332,aerial-ace,60,20,,0,10
333,icicle-spear,25,30,100,0,10
334,iron-defense,,15,,0,7
335,block,,5,,0,10
336,howl,,40,,0,13
337,dragon-claw,80,15,100,0,10
338,frenzy-plant,150,5,90,0,10
339,bulk-up,,20,,0,7
340,bounce,85,5,85,0,10
341,mud-shot,55,15,95,0,10
342,poison-tail,50,25,100,0,10
343,covet,60,25,100,0,10
344,volt-tackle,120,15,100,0,10
345,magical-leaf,60,20,,0,10
346,water-sport,,15,,0,12
347,calm-mind,,20,,0,7
348,leaf-blade,90,15,100,0,10
349,dragon-dance,,20,,0,7
350,rock-blast,25,10,90,0,10
351,shock-wave,60,20,,0,10
352,water-pulse,60,20,100,0,10
353,doom-desire,140,5,100,0,10
354,psycho-boost,140,5,90,0,10
355,roost,,10,,0,7
356,gravity,,5,,0,12
357,miracle-eye,,40,,0,10
358,wake-up-slap,70,10,100,0,10
359,hammer-arm,100,10,90,0,10
360,gyro-ball,,5,100,0,10
361,healing-wish,,10,,0,7
362,brine,65,10,100,0,10
363,natural-gift,,15,100,0,10
364,feint,30,10,100,2,10
365,pluck,60,20,100,0,10
366,tailwind,,15,,0,4
367,acupressure,,30,,0,5
368,metal-burst,,10,100,0,1
369,u-turn,70,20,100,0,10
370,close-combat,120,5,100,0,10
371,payback,50,10,100,0,10
372,assurance,60,10,100,0,10
373,embargo,,15,100,0,10
374,fling,,10,100,0,10
375,psycho-shift,,10,100,0,10
376,trump-card,,5,,0,10
377,heal-block,,15,100,0,11
378,wring-out,,5,100,0,10
379,power-trick,,10,,0,7
380,gastro-acid,,10,100,0,10
381,lucky-chant,,30,,0,4
382,me-first,,20,,0,2
383,copycat,,20,,0,7
384,power-swap,,10,,0,10
385,guard-swap,,10,,0,10
386,punishment,,5,100,0,10
387,last-resort,140,5,100,0,10
388,worry-seed,,10,100,0,10
389,sucker-punch,70,5,100,1,10
390,toxic-spikes,,20,,0,6
391,heart-swap,,10,,0,10
392,aqua-ring,,20,,0,7
393,magnet-rise,,10,,0,7
394,flare-blitz,120,15,100,0,10
395,force-palm,60,10,100,0,10
396,aura-sphere,80,20,,0,10
397,rock-polish,,20,,0,7
398,poison-jab,80,20,100,0,10
399,dark-pulse,80,15,100,0,10
400,night-slash,70,15,100,0,10
401,aqua-tail,90,10,90,0,10
402,seed-bomb,80,15,100,0,10
403,air-slash,75,15,95,0,10
404,x-scissor,80,15,100,0,10
405,bug-buzz,90,10,100,0,10
406,dragon-pulse,85,10,100,0,10
407,dragon-rush,100,10,75,0,10
408,power-gem,80,20,100,0,10
409,drain-punch,75,10,100,0,10
410,vacuum-wave,40,30,100,1,10
411,focus-blast,120,5,70,0,10
412,energy-ball,90,10,100,0,10
413,brave-bird,120,15,100,0,10
414,earth-power,90,10,100,0,10
415,switcheroo,,10,100,0,10
416,giga-impact,150,5,90,0,10
417,nasty-plot,,20,,0,7
418,bullet-punch,40,30,100,1,10
419,avalanche,60,10,100,-4,10
420,ice-shard,40,30,100,1,10
421,shadow-claw,70,15,100,0,10
422,thunder-fang,65,15,95,0,10
423,ice-fang,65,15,95,0,10
424,fire-fang,65,15,95,0,10
425,shadow-sneak,40,30,100,1,10
426,mud-bomb,65,10,85,0,10
427,psycho-cut,70,20,100,0,10
428,zen-headbutt,80,15,90,0,10
429,mirror-shot,65,10,85,0,10
430,flash-cannon,80,10,100,0,10
431,rock-climb,90,20,85,0,10
432,defog,,15,,0,10
433,trick-room,,5,,-7,12
434,draco-meteor,130,5,90,0,10
435,discharge,80,15,100,0,9
436,lava-plume,80,15,100,0,9
437,leaf-storm,130,5,90,0,10
438,power-whip,120,10,85,0,10
439,rock-wrecker,150,5,90,0,10
440,cross-poison,70,20,100,0,10
441,gunk-shot,120,5,80,0,10
442,iron-head,80,15,100,0,10
443,magnet-bomb,60,20,,0,10
444,stone-edge,100,5,80,0,10
445,captivate,,20,100,0,11
446,stealth-rock,,20,,0,6
447,grass-knot,,20,100,0,10
448,chatter,65,20,100,0,10
449,judgment,100,10,100,0,10
450,bug-bite,60,20,100,0,10
451,charge-beam,50,10,90,0,10
452,wood-hammer,120,15,100,0,10
453,aqua-jet,40,20,100,1,10
454,attack-order,90,15,100,0,10
455,defend-order,,10,,0,7
456,heal-order,,10,,0,7
457,head-smash,150,5,80,0,10
458,double-hit,35,10,90,0,10
459,roar-of-time,150,5,90,0,10
460,spacial-rend,100,5,95,0,10
461,lunar-dance,,10,,0,7
462,crush-grip,,5,100,0,10
463,magma-storm,100,5,75,0,10
464,dark-void,,10,50,0,11
465,seed-flare,120,5,85,0,10
466,ominous-wind,60,5,100,0,10
467,shadow-force,120,5,100,0,10
468,hone-claws,,15,,0,7
469,wide-guard,,10,,3,4
470,guard-split,,10,,0,10
471,power-split,,10,,0,10
472,wonder-room,,10,,0,12
473,psyshock,80,10,100,0,10
474,venoshock,65,10,100,0,10
475,autotomize,,15,,0,7
476,rage-powder,,20,,2,7
477,telekinesis,,15,,0,10
478,magic-room,,10,,0,12
479,smack-down,50,15,100,0,10
480,storm-throw,60,10,100,0,10
481,flame-burst,70,15,100,0,10
482,sludge-wave,95,10,100,0,9
483,quiver-dance,,20,,0,7
484,heavy-slam,,10,100,0,10
485,synchronoise,120,10,100,0,9
486,electro-ball,,10,100,0,10
487,soak,,20,100,0,10
488,flame-charge,50,20,100,0,10
489,coil,,20,,0,7
490,low-sweep,65,20,100,0,10
491,acid-spray,40,20,100,0,10
492,foul-play,95,15,100,0,10
493,simple-beam,,15,100,0,10
494,entrainment,,15,100,0,10
495,after-you,,15,,0,10
496,round,60,15,100,0,10
497,echoed-voice,40,15,100,0,10
498,chip-away,70,20,100,0,10
499,clear-smog,50,15,,0,10
500,stored-power,20,10,100,0,10
501,quick-guard,,15,,3,4
502,ally-switch,,15,,2,7
503,scald,80,15,100,0,10
504,shell-smash,,15,,0,7
505,heal-pulse,,10,,0,10
506,hex,65,10,100,0,10
507,sky-drop,60,10,100,0,10
508,shift-gear,,10,,0,7
509,circle-throw,60,10,90,-6,10
510,incinerate,60,15,100,0,11
511,quash,,15,100,0,10
512,acrobatics,55,15,100,0,10
513,reflect-type,,15,,0,10
514,retaliate,70,5,100,0,10
515,final-gambit,,5,100,0,10
516,bestow,,15,,0,10
517,inferno,100,5,50,0,10
518,water-pledge,80,10,100,0,10
519,fire-pledge,80,10,100,0,10
520,grass-pledge,80,10,100,0,10
521,volt-switch,70,20,100,0,10
522,struggle-bug,50,20,100,0,11
523,bulldoze,60,20,100,0,9
524,frost-breath,60,10,90,0,10
525,dragon-tail,60,10,90,-6,10
526,work-up,,30,,0,7
527,electroweb,55,15,95,0,11
528,wild-charge,90,15,100,0,10
529,drill-run,80,10,95,0,10
530,dual-chop,40,15,90,0,10
531,heart-stamp,60,25,100,0,10
532,horn-leech,75,10,100,0,10
533,sacred-sword,90,15,100,0,10
534,razor-shell,75,10,95,0,10
535,heat-crash,,10,100,0,10
536,leaf-tornado,65,10,90,0,10
537,steamroller,65,20,100,0,10
538,cotton-guard,,10,,0,7
539,night-daze,85,10,95,0,10
540,psystrike,100,10,100,0,10
541,tail-slap,25,10,85,0,10
542,hurricane,110,10,70,0,10
543,head-charge,120,15,100,0,10
544,gear-grind,50,15,85,0,10
545,searing-shot,100,5,100,0,9
546,techno-blast,120,5,100,0,10
547,relic-song,75,10,100,0,11
548,secret-sword,85,10,100,0,10
549,glaciate,65,10,95,0,11
550,bolt-strike,130,5,85,0,10
551,blue-flare,130,5,85,0,10
552,fiery-dance,80,10,100,0,10
553,freeze-shock,140,5,90,0,10
554,ice-burn,140,5,90,0,10
555,snarl,55,15,95,0,11
556,icicle-crash,85,10,90,0,10
557,v-create,180,5,95,0,10
558,fusion-flare,100,5,100,0,10
559,fusion-bolt,100,5,100,0,10
560,flying-press,100,10,95,0,10
561,mat-block,,10,,0,4
562,belch,120,10,90,0,10
563,rototiller,,10,,0,14
564,sticky-web,,20,,0,6
565,fell-stinger,50,25,100,0,10
566,phantom-force,90,10,100,0,10
567,trick-or-treat,,20,100,0,10
568,noble-roar,,30,100,0,10
569,ion-deluge,,25,,1,12
570,parabolic-charge,65,20,100,0,9
571,forests-curse,,20,100,0,10
572,petal-blizzard,90,15,100,0,9
573,freeze-dry,70,20,100,0,10
574,disarming-voice,40,15,,0,11
575,parting-shot,,20,100,0,10
576,topsy-turvy,,20,,0,10
577,draining-kiss,50,10,100,0,10
578,crafty-shield,,10,,3,4
579,flower-shield,,10,,0,14
580,grassy-terrain,,10,,0,12
581,misty-terrain,,10,,0,12
582,electrify,,20,,0,10
583,play-rough,90,10,90,0,10
584,fairy-wind,40,30,100,0,10
585,moonblast,95,15,100,0,10
586,boomburst,140,10,100,0,9
587,fairy-lock,,10,,0,12
588,kings-shield,,10,,4,7
589,play-nice,,20,,0,10
590,confide,,20,,0,10
591,diamond-storm,100,5,95,0,11
592,steam-eruption,110,5,95,0,10
593,hyperspace-hole,80,5,,0,10
594,water-shuriken,15,20,100,1,10
595,mystical-fire,75,10,100,0,10
596,spiky-shield,,10,,4,7
597,aromatic-mist,,20,,0,3
598,eerie-impulse,,15,100,0,10
599,venom-drench,,20,100,0,11
600,powder,,20,100,1,10
601,geomancy,,10,,0,7
602,magnetic-flux,,20,,0,13
603,happy-hour,,30,,0,4
604,electric-terrain,,10,,0,12
605,dazzling-gleam,80,10,100,0,11
606,celebrate,,40,,0,7
607,hold-hands,,40,,0,3
608,baby-doll-eyes,,30,100,1,10
609,nuzzle,20,20,100,0,10
610,hold-back,40,40,100,0,10
611,infestation,20,20,100,0,10
612,power-up-punch,40,20,100,0,10
613,oblivion-wing,80,10,100,0,10
614,thousand-arrows,90,10,100,0,11
615,thousand-waves,90,10,100,0,11
616,lands-wrath,90,10,100,0,11
617,light-of-ruin,140,5,90,0,10
618,origin-pulse,110,10,85,0,11
619,precipice-blades,120,10,85,0,11
620,dragon-ascent,120,5,100,0,10
621,hyperspace-fury,100,5,,0,10
622,breakneck-blitz--physical,,1,,0,10
623,breakneck-blitz--special,,1,,0,10
624,all-out-pummeling--physical,,1,,0,10
625,all-out-pummeling--special,,1,,0,10
626,supersonic-skystrike--physical,,1,,0,10
627,supersonic-skystrike--special,,1,,0,10
628,acid-downpour--physical,,1,,0,10
629,acid-downpour--special,,1,,0,10
630,tectonic-rage--physical,,1,,0,10
631,tectonic-rage--special,,1,,0,10
632,continental-crush--physical,,1,,0,10
633,continental-crush--special,,1,,0,10
634,savage-spin-out--physical,,1,,0,10
635,savage-spin-out--special,,1,,0,10
636,never-ending-nightmare--physical,,1,,0,10
637,never-ending-nightmare--special,,1,,0,10
638,corkscrew-crash--physical,,1,,0,10
639,corkscrew-crash--special,,1,,0,10
640,inferno-overdrive--physical,,1,,0,10
641,inferno-overdrive--special,,1,,0,10
642,hydro-vortex--physical,,1,,0,10
643,hydro-vortex--special,,1,,0,10
644,bloom-doom--physical,,1,,0,10
645,bloom-doom--special,,1,,0,10
646,gigavolt-havoc--physical,,1,,0,10
647,gigavolt-havoc--special,,1,,0,10
648,shattered-psyche--physical,,1,,0,10
649,shattered-psyche--special,,1,,0,10
650,subzero-slammer--physical,,1,,0,10
651,subzero-slammer--special,,1,,0,10
652,devastating-drake--physical,,1,,0,10
653,devastating-drake--special,,1,,0,10
654,black-hole-eclipse--physical,,1,,0,10
655,black-hole-eclipse--special,,1,,0,10
656,twinkle-tackle--physical,,1,,0,10
657,twinkle-tackle--special,,1,,0,10
658,catastropika,210,1,,0,10
659,shore-up,,10,,0,7
660,first-impression,90,10,100,2,10
661,baneful-bunker,,10,,4,7
662,spirit-shackle,80,10,100,0,10
663,darkest-lariat,85,10,100,0,10
664,sparkling-aria,90,10,100,0,9
665,ice-hammer,100,10,90,0,10
666,floral-healing,,10,,0,10
667,high-horsepower,95,10,95,0,10
668,strength-sap,,10,100,0,10
669,solar-blade,125,10,100,0,10
670,leafage,40,40,100,0,10
671,spotlight,,15,,3,10
672,toxic-thread,,20,100,0,10
673,laser-focus,,30,,0,7
674,gear-up,,20,,0,13
675,throat-chop,80,15,100,0,10
676,pollen-puff,90,15,100,0,10
677,anchor-shot,80,20,100,0,10
678,psychic-terrain,,10,,0,12
679,lunge,80,15,100,0,10
680,fire-lash,80,15,100,0,10
681,power-trip,20,10,100,0,10
682,burn-up,130,5,100,0,10
683,speed-swap,,10,,0,10
684,smart-strike,70,10,,0,10
685,purify,,20,,0,10
686,revelation-dance,90,15,100,0,10
687,core-enforcer,100,10,100,0,11
688,trop-kick,70,15,100,0,10
689,instruct,,15,,0,10
690,beak-blast,100,15,100,-3,10
691,clanging-scales,110,5,100,0,11
692,dragon-hammer,90,15,100,0,10
693,brutal-swing,60,20,100,0,9
694,aurora-veil,,20,,0,4
695,sinister-arrow-raid,180,1,,0,10
696,malicious-moonsault,180,1,,0,10
697,oceanic-operetta,195,1,,0,10
698,guardian-of-alola,,1,,0,10
699,soul-stealing-7-star-strike,195,1,,0,10
700,stoked-sparksurfer,175,1,,0,10
701,pulverizing-pancake,210,1,,0,10
702,extreme-evoboost,,1,,0,7
703,genesis-supernova,185,1,,0,10
704,shell-trap,150,5,100,-3,11
705,fleur-cannon,130,5,90,0,10
706,psychic-fangs,85,10,100,0,10
707,stomping-tantrum,75,10,100,0,10
708,shadow-bone,85,10,100,0,10
709,accelerock,40,20,100,1,10
710,liquidation,85,10,100,0,10
711,prismatic-laser,160,10,100,0,10
712,spectral-thief,90,10,100,0,10
713,sunsteel-strike,100,5,100,0,10
714,moongeist-beam,100,5,100,0,10
715,tearful-look,,20,,0,10
716,zing-zap,80,10,100,0,10
717,natures-madness,,10,90,0,10
718,multi-attack,120,10,100,0,10
719,10-000-000-volt-thunderbolt,195,1,,0,10
720,mind-blown,150,5,100,0,9
721,plasma-fists,100,15,100,0,10
722,photon-geyser,100,5,100,0,10
723,light-that-burns-the-sky,200,1,,0,10
724,searing-sunraze-smash,200,1,,0,10
725,menacing-moonraze-maelstrom,200,1,,0,10
726,lets-snuggle-forever,190,1,,0,10
727,splintered-stormshards,190,1,,0,10
728,clangorous-soulblaze,185,1,,0,11
729,zippy-zap,80,10,100,2,10
730,splishy-splash,90,15,100,0,11
731,floaty-fall,90,15,95,0,10
732,pika-papow,,20,,0,10
733,bouncy-bubble,60,20,100,0,10
734,buzzy-buzz,60,20,100,0,10
735,sizzly-slide,60,20,100,0,10
736,glitzy-glow,80,15,95,0,10
737,baddy-bad,80,15,95,0,10
738,sappy-seed,100,10,90,0,10
739,freezy-frost,100,10,90,0,10
740,sparkly-swirl,120,5,85,0,10
741,veevee-volley,,20,,0,10
742,double-iron-bash,60,5,100,0,10
743,max-guard,,10,,4,7
744,dynamax-cannon,100,5,100,0,10
745,snipe-shot,80,15,100,0,10
746,jaw-lock,80,10,100,0,10
747,stuff-cheeks,,10,,0,7
748,no-retreat,,5,,0,7
749,tar-shot,,15,100,0,10
750,magic-powder,,20,100,0,10
751,dragon-darts,50,10,100,0,10
752,teatime,,10,,0,14
753,octolock,,15,100,0,10
754,bolt-beak,85,10,100,0,10
755,fishious-rend,85,10,100,0,10
756,court-change,,10,100,0,12
757,max-flare,100,10,,0,2
758,max-flutterby,10,10,,0,2
759,max-lightning,10,10,,0,2
760,max-strike,10,10,,0,2
761,max-knuckle,10,10,,0,2
762,max-phantasm,10,10,,0,2
763,max-hailstorm,10,10,,0,2
764,max-ooze,10,10,,0,2
765,max-geyser,10,10,,0,2
766,max-airstream,10,10,,0,2
767,max-starfall,10,10,,0,2
768,max-wyrmwind,10,10,,0,2
769,max-mindstorm,10,10,,0,2
770,max-rockfall,10,10,,0,2
771,max-quake,10,10,,0,2
772,max-darkness,10,10,,0,2
773,max-overgrowth,10,10,,0,2
774,max-steelspike,10,10,,0,2
775,clangorous-soul,,5,100,0,7
776,body-press,80,10,100,0,10
777,decorate,,15,,0,10
778,drum-beating,80,10,100,0,10
779,snap-trap,35,15,100,0,10
780,pyro-ball,120,5,90,0,10
781,behemoth-blade,100,5,100,0,10
782,behemoth-bash,100,5,100,0,10
783,aura-wheel,110,10,100,0,10
784,breaking-swipe,60,15,100,0,11
785,branch-poke,40,40,100,0,10
786,overdrive,80,10,100,0,11
787,apple-acid,80,10,100,0,10
788,grav-apple,80,10,100,0,10
789,spirit-break,75,15,100,0,10
790,strange-steam,90,10,95,0,10
791,life-dew,,10,,0,13
792,obstruct,,10,100,4,7
793,false-surrender,80,10,,0,10
794,meteor-assault,150,5,100,0,10
795,eternabeam,160,5,90,0,10
796,steel-beam,140,5,95,0,10
797,expanding-force,80,10,100,0,10
798,steel-roller,130,5,100,0,10
799,scale-shot,25,20,90,0,10
800,meteor-beam,120,10,90,0,10
801,shell-side-arm,90,10,100,0,10
802,misty-explosion,100,5,100,0,9
803,grassy-glide,70,20,100,0,10
804,rising-voltage,70,20,100,0,10
805,terrain-pulse,50,10,100,0,10
806,skitter-smack,70,10,90,0,10
807,burning-jealousy,70,5,100,0,11
808,lash-out,75,5,100,0,10
809,poltergeist,110,5,90,0,10
810,corrosive-gas,,40,100,0,9
811,coaching,,10,,0,13
812,flip-turn,60,20,100,0,10
813,triple-axel,20,10,90,0,10
814,dual-wingbeat,40,10,90,0,10
815,scorching-sands,70,10,100,0,10
816,jungle-healing,,10,,0,13
817,wicked-blow,80,5,100,0,10
818,surging-strikes,25,5,100,0,10
819,thunder-cage,80,15,90,0,10
820,dragon-energy,150,5,100,0,11
821,freezing-glare,90,10,100,0,10
822,fiery-wrath,90,10,100,0,11
823,thunderous-kick,90,10,100,0,10
824,glacial-lance,130,5,100,0,11
825,astral-barrage,120,5,100,0,11
826,eerie-spell,80,5,100,0,10
10001,shadow-rush,55,,100,0,10
10002,shadow-blast,80,,100,0,10
10003,shadow-blitz,40,,100,0,10
10004,shadow-bolt,75,,100,0,10
10005,shadow-break,75,,100,0,10
10006,shadow-chill,75,,100,0,10
10007,shadow-end,120,,60,0,10
10008,shadow-fire,75,,100,0,10
10009,shadow-rave,70,,100,0,6
10010,shadow-storm,95,,100,0,6
10011,shadow-wave,50,,100,0,6
10012,shadow-down,,,100,0,6
10013,shadow-half,,,100,0,12
10014,shadow-hold,,,,0,6
10015,shadow-mist,,,100,0,6
10016,shadow-panic,,,90,0,6
10017,shadow-shed,,,,0,12
10018,shadow-sky,,,,0,12